Broodstock ID,ARC Hub Tube Label,ARC determined genotype,GAVcopies/ng,GAV copies/ug,lgGAV
1,G1T1701_BR005,G1T1701_BR_005_P,nd,nd,0
2,G1T1701_BR011,G1T1701_BR_011_P,nd,nd,0
3,G1T1701_BR013,G1T1701_BR_013_P,nd,nd,0
4,G1T1701_BR017,G1T1701_BR_017_P,nd,nd,0
5,G1T1701_BR042,G1T1701_BR_073_MP,nd,nd,0
6,G1T1701_BR056,G1T1701_BR_039_P,nd,nd,0
7,G1T1701_BR057,G1T1701_BR_040_MP,nd,nd,0
8,G1T1701_BR064,G1T1701_BR_041_P,nd,nd,0
9,G1T1701_BR093,G1T1701_BR_089_MP,nd,nd,0
10,G1T1701_BR113,G1T1701_BR_099_MP,nd,nd,0
11,G1T1701_BR116,G1T1701_BR_102_MP,nd,nd,0
12,G1T1701_BR120,G1T1701_BR_109_MP,nd,nd,0
13,G1T1701_BR125,G1T1701_BR_114_MP,nd,nd,0
14,G1T1701_BR127,not in dart analysis,nd,nd,0
15,G1T1701_BR136,G1T1701_BR_118_M,nd,nd,0
16,G1T1701_BR137,G1T1701_BR_119_MP,nd,nd,0
17,G1T1701_BR138,G1T1701_BR_120_MP,nd,nd,0
18,G1T1701_BR139,G1T1701_BR_121_MP,nd,nd,0
19,G1T1701_BR141,G1T1701_BR_123_MP,nd,nd,0
20,G1T1701_BR142,G1T1701_BR_124_M,nd,nd,0
21,G1T1701_BR143,G1T1701_BR_125_M,nd,nd,0
22,G1T1701_BR148,not in dart analysis,nd,nd,0
23,G1T1701_BR155,G1T1701_BR_136_M,nd,nd,0
24,G1T1701_BR156,G1T1701_BR_137_MP,nd,nd,0
25,G1T1701_BR157,G1T1701_BR_138_MP,nd,nd,0
26,G1T1701_BR163,G1T1701_BR_143_MP,nd,nd,0
27,G1T1701_BR168,G1T1701_BR_148_M,nd,nd,0
28,G1T1701_BR170,G1T1701_BR_150_MP,nd,nd,0
29,G1T1701_BR173,G1T1701_BR_153_MP,nd,nd,0
30,G1T1701_BR179,G1T1701_BR_162_MP,nd,nd,0
31,G1T1701_BR182,G1T1701_BR_165_M,nd,nd,0
32,G1T1701_BR183,G1T1701_BR_166_MP,nd,nd,0
33,G1T1701_BR187,G1T1701_BR_170_MP,nd,nd,0
34,G1T1701_BR188,G1T1701_BR_171_M,nd,nd,0
35,G1T1701_BR190,G1T1701_BR_173_M,nd,nd,0
36,G1T1701_BR191,G1T1701_BR_174_M,nd,nd,0
37,G1T1701_BR192,G1T1701_BR_175_GMP,nd,nd,0
38,G1T1701_BR194,G1T1701_BR_177_MP,nd,nd,0
39,G1T1701_BR196,G1T1701_BR_179_M,nd,nd,0
40,G1T1701_BR219,G1T1701_BR_202_M,nd,nd,0
41,G1T1701_BR225,G1T1701_BR_208_M,nd,nd,0
42,G1T1701_BR228,G1T1701_BR_211_MP,nd,nd,0
43,G1T1701_BR231,G1T1701_BR_214_MP,nd,nd,0
44,G1T1701_BR248,G1T1701_BR_231_M,nd,nd,0
45,G1T1701_BR258,G1T1701_BR_158_MP,nd,nd,0
46,G1T1701_BR261,G1T1701_BR_244_MP,nd,nd,0
47,G1T1701_BR263,G1T1701_BR_246_M,nd,nd,0
48,G1T1701_BR264,not in dart analysis,nd,nd,0
49,G1T1701_BR277,G1T1701_BR_260_MP,nd,nd,0
50,G1T1701_BR292,G1T1701_BR_275_MP,nd,nd,0
51,G1T1701_BR296,G1T1701_BR_279_MP,nd,nd,0
52,G1T1701_BR330,not in dart analysis,nd,nd,0
53,G1T1701_BR333,not in dart analysis,nd,nd,0
54,G1T1701_BR337,not in dart analysis,nd,nd,0
55,G1T1701_BR345,G1T1701_BR_328_MP,nd,nd,0
56,G1T1701_BR351,G1T1701_BR_334_M,nd,nd,0
57,G1T1701_BR359,G1T1701_BR_457,nd,nd,0
58,G1T1701_BR360,G1T1701_BR_458,nd,nd,0
59,G1T1701_BR366,not in dart analysis,nd,nd,0
60,G1T1701_BR368,G1T1701_BR_347_M,nd,nd,0
61,G1T1701_BR371,G1T1701_BR_350_M,nd,nd,0
62,G1T1701_BR373,G1T1701_BR_352_MP,nd,nd,0
63,G1T1701_BR375,G1T1701_BR_354_MP,nd,nd,0
64,G1T1701_BR379,G1T1701_BR_358_MP,nd,nd,0
65,G1T1701_BR381,G1T1701_BR_360_MP,nd,nd,0
66,G1T1701_BR385,G1T1701_BR_364_MP,nd,nd,0
67,G1T1701_BR405,G1T1701_BR_383_MP,nd,nd,0
68,G1T1701_BR407,G1T1701_BR_385_MP,nd,nd,0
69,G1T1701_BR409,G1T1701_BR_387_MP,nd,nd,0
70,G1T1701_BR412,G1T1701_BR_390_MP,nd,nd,0
71,G1T1701_BR414,G1T1701_BR_392_MP,nd,nd,0
72,G1T1701_BR415,G1T1701_BR_393_MP,nd,nd,0
73,G1T1701_BR416,G1T1701_BR_394_MP,nd,nd,0
74,G1T1701_BR417,G1T1701_BR_395_MP,nd,nd,0
75,G1T1701_BR418,G1T1701_BR_396_MP,nd,nd,0
76,G1T1701_BR419,G1T1701_BR_397_MP,nd,nd,0
77,G1T1701_BR421,G1T1701_BR_399_MP,nd,nd,0
78,G1T1701_BR429,G1T1701_BR_407_MP,nd,nd,0
79,G1T1701_BR433,G1T1701_BR_411_MP,nd,nd,0
80,G1T1701_BR434,G1T1701_BR_412_MP,nd,nd,0
81,G1T1701_BR437,G1T1701_BR_415_GMP,nd,nd,0
82,G1T1701_BR438,G1T1701_BR_416_MP,nd,nd,0
83,G1T1701_BR440,G1T1701_BR_417,nd,nd,0
84,G1T1701_BR442,G1T1701_BR_419_MP,nd,nd,0
85,G1T1701_BR443,G1T1701_BR_420_MP,nd,nd,0
86,G1T1701_BR444,G1T1701_BR_421_MP,nd,nd,0
87,G1T1701_BR446,G1T1701_BR_423_MP,nd,nd,0
88,G1T1701_BR447,G1T1701_BR_424_MP,nd,nd,0
89,G1T1701_BR473,G1T1701_BR_449_MP,nd,nd,0
90,G1T1701_BR477,G1T1701_BR_453_MP,nd,nd,0
91,G1T1701_BR102,G1T1701_BR_055_P,nd,nd,0
92,G1T1701_BR105,G1T1701_BR_049_GP,nd,nd,0
93,G1T1701_BR106,G1T1701_BR_093_MP,nd,nd,0
94,G1T1701_BR107,G1T1701_BR_094_MP,nd,nd,0
95,G1T1701_BR109,G1T1701_BR_095_MP,nd,nd,0
96,G1T1701_BR110,G1T1701_BR_096_M,nd,nd,0
97,G1T1701_BR206,G1T1701_BR_188_M,nd,nd,0
98,G1T1701_BR300,G1T1701_BR_283_MP,nd,nd,0
99,G1T1701_BR301,G1T1701_BR_284_MP,nd,nd,0
100,G1T1701_BR302,not in dart analysis,nd,nd,0
101,G1T1701_BR395,G1T1701_BR_373_M,nd,nd,0
102,G1T1701_BR396,G1T1701_BR_374_M,nd,nd,0
103,G1T1701_BR026,G1T1701_BR_026_P,0.68,675.32,2.83
104,G1T1701_BR079,G1T1701_BR_045_P,1.18,1180.30,3.07
105,G1T1701_BR062,G1T1701_BR_079_MP,1.87,1866.64,3.27
106,G1T1701_BR054,G1T1701_BR_037_P,1.99,1989.87,3.30
107,G1T1701_BR002,G1T1701_BR_002_P,2.25,2251.82,3.35
108,G1T1701_BR003,G1T1701_BR_003_P,2.32,2321.52,3.37
109,G1T1701_BR052,G1T1701_BR_035_P,2.39,2394.74,3.38
110,G1T1701_BR022,G1T1701_BR_022_P,2.46,2456.68,3.39
111,G1T1701_BR275,G1T1701_BR_258_MP,2.49,2488.67,3.40
112,G1T1701_BR055,G1T1701_BR_038_P,2.63,2628.88,3.42
113,G1T1701_BR051,G1T1701_BR_034_P,2.86,2863.47,3.46
114,G1T1701_BR006,G1T1701_BR_006_P,2.98,2980.15,3.47
115,G1T1701_BR023,G1T1701_BR_023_P,3.03,3026.08,3.48
116,G1T1701_BR099,G1T1701_BR_064_P,3.19,3191.93,3.50
117,G1T1701_BR081,G1T1701_BR_047_P,3.58,3583.16,3.55
118,G1T1701_BR014,G1T1701_BR_014_P,3.91,3905.94,3.59
119,G1T1701_BR404,G1T1701_BR_382_MP,4.35,4348.76,3.64
120,G1T1701_BR001,G1T1701_BR_001_P,4.43,4426.30,3.65
121,G1T1701_BR027,G1T1701_BR_027_P,4.63,4626.22,3.67
122,G1T1701_BR078,G1T1701_BR_044_P,5.27,5266.22,3.72
123,G1T1701_BR020,G1T1701_BR_020_P,5.28,5279.39,3.72
124,G1T1701_BR276,G1T1701_BR_259_MP,5.29,5290.84,3.72
125,G1T1701_BR050,G1T1701_BR_033_P,5.56,5564.83,3.75
126,G1T1701_BR009,G1T1701_BR_009_P,5.75,5753.26,3.76
127,G1T1701_BR288,G1T1701_BR_271_MP,5.85,5847.21,3.77
128,G1T1701_BR025,G1T1701_BR_025_P,5.92,5922.84,3.77
129,G1T1701_BR080,G1T1701_BR_046_P,6.03,6028.13,3.78
130,G1T1701_BR012,G1T1701_BR_012_P,6.20,6197.35,3.79
131,G1T1701_BR450,G1T1701_BR_426_MP,6.27,6266.15,3.80
132,G1T1701_BR166,G1T1701_BR_146_M,6.27,6270.03,3.80
133,G1T1701_BR077,G1T1701_BR_043_P,6.39,6388.06,3.81
134,G1T1701_BR048,G1T1701_BR_031_P,6.60,6597.84,3.82
135,G1T1701_BR474,G1T1701_BR_450_MP,7.04,7044.47,3.85
136,G1T1701_BR049,G1T1701_BR_032_P,7.52,7521.50,3.88
137,G1T1701_BR034,G1T1701_BR_030_P,7.59,7590.91,3.88
138,G1T1701_BR424,G1T1701_BR_402_MP,7.68,7679.78,3.89
139,G1T1701_BR021,G1T1701_BR_021_P,7.71,7707.46,3.89
140,G1T1701_BR004,G1T1701_BR_004_P,7.80,7801.36,3.89
141,G1T1701_BR476,G1T1701_BR_452_MP,8.37,8365.68,3.92
142,G1T1701_BR294,G1T1701_BR_277_MP,8.52,8523.71,3.93
143,G1T1701_BR295,G1T1701_BR_278_MP,8.70,8700.11,3.94
144,G1T1701_BR272,G1T1701_BR_255_MP,8.98,8983.64,3.95
145,G1T1701_BR033,G1T1701_BR_029_P,9.00,8997.26,3.95
146,G1T1701_BR087,G1T1701_BR_083_MP,9.01,9006.68,3.95
147,G1T1701_BR167,G1T1701_BR_147_M,9.38,9384.90,3.97
148,G1T1701_BR024,G1T1701_BR_024_P,9.56,9561.77,3.98
149,G1T1701_BR210,G1T1701_BR_192_MP,9.63,9627.72,3.98
150,G1T1701_BR287,G1T1701_BR_270_GMP,9.78,9780.81,3.99
151,G1T1701_BR402,G1T1701_BR_380_MP,10.84,10842.90,4.04
152,G1T1701_BR129,G1T1701_BR_117_MP,11.17,11167.09,4.05
153,G1T1701_BR088,G1T1701_BR_084_MP,11.33,11326.02,4.05
154,G1T1701_BR065,G1T1701_BR_042_P,11.86,11859.57,4.07
155,G1T1701_BR053,G1T1701_BR_036_P,12.55,12554.75,4.10
156,G1T1701_BR007,G1T1701_BR_007_P,12.63,12630.93,4.10
157,G1T1701_BR238,not in dart analysis,13.01,13012.62,4.11
158,G1T1701_BR460,G1T1701_BR_436_GMP,13.95,13948.77,4.14
159,G1T1701_BR329,G1T1701_BR_312_MP,14.08,14077.05,4.15
160,G1T1701_BR408,G1T1701_BR_386_MP,14.55,14545.79,4.16
161,G1T1701_BR303,not in dart analysis,14.57,14569.15,4.16
162,G1T1701_BR282,G1T1701_BR_265_MP,14.68,14681.27,4.17
163,G1T1701_BR392,G1T1701_BR_370_MP,14.98,14979.01,4.18
164,G1T1701_BR285,G1T1701_BR_268_MP,15.33,15325.01,4.19
165,G1T1701_BR217,G1T1701_BR_200_MP,15.52,15522.89,4.19
166,G1T1701_BR016,G1T1701_BR_016_P,15.82,15823.36,4.20
167,G1T1701_BR291,G1T1701_BR_274_MP,16.28,16283.29,4.21
168,G1T1701_BR019,G1T1701_BR_019_P,17.70,17695.44,4.25
169,G1T1701_BR071,G1T1701_BR_062_P,18.03,18034.23,4.26
170,G1T1701_BR169,not in dart analysis,18.19,18193.20,4.26
171,G1T1701_BR035,G1T1701_BR_059_P,18.55,18551.09,4.27
172,G1T1701_BR046,G1T1701_BR_076_MP,18.68,18683.10,4.27
173,G1T1701_BR338,G1T1701_BR_321_MP,18.84,18844.97,4.28
174,G1T1701_BR304,G1T1701_BR_287_MP,19.43,19434.75,4.29
175,G1T1701_BR297,G1T1701_BR_280_MP,19.70,19701.05,4.29
176,G1T1701_BR098,G1T1701_BR_461_P,19.75,19751.57,4.30
177,G1T1701_BR305,G1T1701_BR_288_MP,21.04,21042.15,4.32
178,G1T1701_BR150,G1T1701_BR_131_M,22.60,22596.52,4.35
179,G1T1701_BR149,G1T1701_BR_130_M,22.94,22940.14,4.36
180,G1T1701_BR140,G1T1701_BR_122_GMP,22.96,22961.33,4.36
181,G1T1701_BR293,G1T1701_BR_276_MP,23.02,23017.95,4.36
182,G1T1701_BR349,not dart analysed,23.24,23238.81,4.37
183,G1T1701_BR308,G1T1701_BR_291_M,24.25,24254.61,4.38
184,G1T1701_BR097,G1T1701_BR_065_P,24.44,24441.67,4.39
185,G1T1701_BR234,G1T1701_BR_217_MP,24.67,24671.56,4.39
186,G1T1701_BR063,G1T1701_BR_080_GM,24.92,24919.39,4.40
187,G1T1701_BR181,G1T1701_BR_164_MP,25.63,25626.67,4.41
188,G1T1701_BR237,G1T1701_BR_220_MP,25.79,25786.96,4.41
189,G1T1701_BR313,G1T1701_BR_296_MP,28.83,28830.22,4.46
190,G1T1701_BR401,G1T1701_BR_379_MP,28.85,28846.87,4.46
191,G1T1701_BR083,G1T1701_BR_063_P,29.28,29284.75,4.47
192,G1T1701_BR204,G1T1701_BR_186_MP,29.38,29380.03,4.47
193,G1T1701_BR115,G1T1701_BR_101_MP,29.46,29462.29,4.47
194,G1T1701_BR208,G1T1701_BR_190_MP,29.53,29526.93,4.47
195,G1T1701_BR037,G1T1701_BR_104_MP,30.91,30907.49,4.49
196,G1T1701_BR207,G1T1701_BR_189_MP,31.24,31241.58,4.49
197,G1T1701_BR372,G1T1701_BR_351_MP,31.85,31848.96,4.50
198,G1T1701_BR340,G1T1701_BR_323_MP,32.35,32352.70,4.51
199,G1T1701_BR332,not in dart analysis,32.59,32593.83,4.51
200,G1T1701_BR281,G1T1701_BR_264_MP,32.93,32926.35,4.52
201,G1T1701_BR334,G1T1701_BR_317_MP,34.31,34309.82,4.54
202,G1T1701_BR347,G1T1701_BR_330_MP,34.90,34899.25,4.54
203,G1T1701_BR164,G1T1701_BR_144_MP,35.66,35662.22,4.55
204,G1T1701_BR177,G1T1701_BR_157_MP,38.27,38271.49,4.58
205,G1T1701_BR422,G1T1701_BR_400_MP,44.48,44480.18,4.65
206,G1T1701_BR010,G1T1701_BR_010_P,45.02,45019.38,4.65
207,G1T1701_BR341,G1T1701_BR_324_MP,46.12,46124.04,4.66
208,G1T1701_BR045,G1T1701_BR_056_P,46.34,46344.21,4.67
209,G1T1701_BR131,G1T1701_BR_051_P,47.49,47487.69,4.68
210,G1T1701_BR216,G1T1701_BR_199_MP,48.85,48847.93,4.69
211,G1T1701_BR324,G1T1701_BR_307_MP,50.67,50672.91,4.70
212,G1T1701_BR339,G1T1701_BR_322_MP,52.30,52301.03,4.72
213,G1T1701_BR266,G1T1701_BR_249_MP,53.35,53346.27,4.73
214,G1T1701_BR306,G1T1701_BR_289_MP,54.77,54769.89,4.74
215,G1T1701_BR133,G1T1701_BR_071_P,55.13,55128.72,4.74
216,G1T1701_BR255,G1T1701_BR_238_MP,55.37,55372.98,4.74
217,G1T1701_BR410,G1T1701_BR_388_MP,55.95,55951.16,4.75
218,G1T1701_BR312,not in dart analysis,58.39,58386.78,4.77
219,G1T1701_BR350,G1T1701_BR_333_M,58.58,58578.31,4.77
220,G1T1701_BR084,G1T1701_BR_053_GP,60.21,60211.17,4.78
221,G1T1701_BR286,not in dart analysis,61.85,61852.52,4.79
222,G1T1701_BR122,G1T1701_BR_111_MP,62.02,62022.72,4.79
223,G1T1701_BR086,G1T1701_BR_082_MP,62.75,62752.20,4.80
224,G1T1701_BR135,G1T1701_BR_070_P,63.23,63227.86,4.80
225,G1T1701_BR044,G1T1701_BR_075_MP,63.72,63720.51,4.80
226,G1T1701_BR403,G1T1701_BR_381_MP,64.35,64346.27,4.81
227,G1T1701_BR325,not in dart analysis,67.20,67198.96,4.83
228,G1T1701_BR245,G1T1701_BR_228_MP,73.86,73856.72,4.87
229,G1T1701_BR399,G1T1701_BR_377_MP,76.03,76034.00,4.88
230,G1T1701_BR343,G1T1701_BR_326_MP,76.56,76559.89,4.88
231,G1T1701_BR331,not in dart analysis,81.97,81974.22,4.91
232,G1T1701_BR344,G1T1701_BR_327_MP,83.26,83264.20,4.92
233,G1T1701_BR265,not in dart analysis,88.13,88131.17,4.95
234,G1T1701_BR015,G1T1701_BR_015_P,88.14,88143.08,4.95
235,G1T1701_BR040,G1T1701_BR_107_MP,88.56,88563.62,4.95
236,G1T1701_BR400,G1T1701_BR_378_MP,91.82,91816.24,4.96
237,G1T1701_BR222,G1T1701_BR_205_MP,93.72,93719.18,4.97
238,G1T1701_BR121,G1T1701_BR_110_MP,94.00,93995.54,4.97
239,G1T1701_BR327,G1T1701_BR_310_MP,99.78,99777.55,5.00
240,G1T1701_BR008,G1T1701_BR_008_P,100.03,100027.14,5.00
241,G1T1701_BR218,G1T1701_BR_201_M,101.32,101324.23,5.01
242,G1T1701_BR185,G1T1701_BR_168_MP,103.36,103362.36,5.01
243,G1T1701_BR165,G1T1701_BR_145_M,105.78,105780.61,5.02
244,G1T1701_BR205,G1T1701_BR_187_MP,108.95,108951.31,5.04
245,G1T1701_BR427,G1T1701_BR_405_MP,109.42,109417.91,5.04
246,G1T1701_BR320,not in dart analysis,110.36,110356.74,5.04
247,G1T1701_BR336,not in dart analysis,115.68,115679.09,5.06
248,G1T1701_BR364,G1T1701_BR_343_MP,115.99,115988.89,5.06
249,G1T1701_BR480,G1T1701_BR_456_MP,116.16,116160.43,5.07
250,G1T1701_BR453,G1T1701_BR_429_MP,116.44,116440.86,5.07
251,G1T1701_BR147,G1T1701_BR_128_MP,116.68,116678.24,5.07
252,G1T1701_BR316,G1T1701_BR_299_MP,121.03,121034.90,5.08
253,G1T1701_BR270,G1T1701_BR_253_MP,127.99,127993.75,5.11
254,G1T1701_BR226,G1T1701_BR_209_MP,131.90,131899.44,5.12
255,G1T1701_BR441,G1T1701_BR_418_MP,131.93,131930.14,5.12
256,G1T1701_BR067,G1T1701_BR_052_P,132.41,132408.70,5.12
257,G1T1701_BR202,G1T1701_BR_195_MP,133.82,133818.39,5.13
258,G1T1701_BR342,G1T1701_BR_325_MP,137.60,137603.38,5.14
259,G1T1701_BR195,G1T1701_BR_178_M,138.76,138759.73,5.14
260,G1T1701_BR211,G1T1701_BR_193_MP,140.78,140779.69,5.15
261,G1T1701_BR319,G1T1701_BR_302_MP,140.96,140964.35,5.15
262,G1T1701_BR406,G1T1701_BR_384_MP,141.63,141632.99,5.15
263,G1T1701_BR068,G1T1701_BR_048_P,144.51,144512.59,5.16
264,G1T1701_BR134,G1T1701_BR_069_GP,146.45,146445.96,5.17
265,G1T1701_BR318,G1T1701_BR_301_MP,146.45,146449.91,5.17
266,G1T1701_BR172,G1T1701_BR_152_MP,146.71,146714.20,5.17
267,G1T1701_BR462,G1T1701_BR_438_MP,147.68,147677.66,5.17
268,G1T1701_BR151,G1T1701_BR_132_M,149.69,149692.04,5.18
269,G1T1701_BR377,G1T1701_BR_356_MP,150.26,150261.84,5.18
270,G1T1701_BR123,G1T1701_BR_112_MP,150.82,150822.39,5.18
271,G1T1701_BR326,G1T1701_BR_309_MP,151.75,151751.87,5.18
272,G1T1701_BR239,G1T1701_BR_222_M,153.51,153506.29,5.19
273,G1T1701_BR041,G1T1701_BR_072_MP,160.71,160712.11,5.21
274,G1T1701_BR283,G1T1701_BR_266_MP,162.73,162726.00,5.21
275,G1T1701_BR335,G1T1701_BR_318_MP,170.98,170976.47,5.23
276,G1T1701BR_478,not in dart analysis,171.56,171557.86,5.23
277,G1T1701_BR032,G1T1701_BR_028_P,172.68,172678.86,5.24
278,G1T1701_BR315,not in dart analysis,176.04,176043.54,5.25
279,G1T1701_BR224,not in dart analysis,182.24,182238.85,5.26
280,G1T1701_BR323,G1T1701_BR_306_GMP,187.64,187636.21,5.27
281,G1T1701_BR310,G1T1701_BR_293_MP,189.81,189812.91,5.28
282,G1T1701_BR346,G1T1701_BR_329_GMP,196.44,196438.92,5.29
283,G1T1701_BR398,G1T1701_BR_376_MP,206.77,206769.45,5.32
284,G1T1701_BR468,G1T1701_BR_444_MP,208.11,208114.95,5.32
285,G1T1701_BR119,G1T1701_BR_067_GP,210.47,210466.95,5.32
286,G1T1701_BR235,G1T1701_BR_218_MP,214.35,214348.88,5.33
287,G1T1701_BR117,G1T1701_BR_103_MP,220.13,220132.13,5.34
288,G1T1701_BR389,not in dart analysis,223.22,223220.76,5.35
289,G1T1701_BR463,G1T1701_BR_439_MP,232.11,232106.28,5.37
290,G1T1701_BR260,G1T1701_BR_160_MP,236.03,236025.97,5.37
291,G1T1701_BR428,G1T1701_BR_406_MP,246.65,246646.00,5.39
292,G1T1701_BR251,G1T1701_BR_234_M,250.93,250929.17,5.40
293,G1T1701_BR043,G1T1701_BR_074_M,253.60,253598.32,5.40
294,G1T1701_BR246,G1T1701_BR_229_MP,259.47,259466.33,5.41
295,G1T1701_BR452,G1T1701_BR_428_MP,282.71,282709.51,5.45
296,G1T1701_BR290,G1T1701_BR_273_MP,284.67,284667.66,5.45
297,G1T1701_BR397,G1T1701_BR_375_MP,285.37,285366.64,5.46
298,G1T1701_BR479,G1T1701_BR_455_GMP,291.96,291962.84,5.47
299,G1T1701_BR457,G1T1701_BR_433_MP,291.97,291974.48,5.47
300,G1T1701_BR430,G1T1701_BR_408_GMP,299.34,299341.18,5.48
301,G1T1701_BR413,G1T1701_BR_391_MP,306.59,306590.56,5.49
302,G1T1701_BR145,G1T1701_BR_127_MP,309.09,309086.44,5.49
303,G1T1701_BR274,G1T1701_BR_257_MP,319.76,319762.78,5.50
304,G1T1701_BR271,G1T1701_BR_254_MP,322.24,322235.97,5.51
305,G1T1701_BR193,G1T1701_BR_176_M,333.53,333531.51,5.52
306,G1T1701_BR298,G1T1701_BR_281_MP,335.62,335624.72,5.53
307,G1T1701_BR128,G1T1701_BR_116_MP,337.52,337517.67,5.53
308,G1T1701_BR085,G1T1701_BR_081_MP,346.56,346557.32,5.54
309,G1T1701_BR111,G1T1701_BR_097_MP,346.82,346822.91,5.54
310,G1T1701_BR174,G1T1701_BR_154_M,356.21,356205.18,5.55
311,G1T1701_BR466,G1T1701_BR_442_MP,356.70,356704.92,5.55
312,G1T1701_BR118,G1T1701_BR_108_MP,361.16,361159.23,5.56
313,G1T1701_BR456,G1T1701_BR_432_MP,373.45,373448.86,5.57
314,G1T1701_BR299,G1T1701_BR_282_MP,381.34,381335.13,5.58
315,G1T1701_BR469,G1T1701_BR_445_MP,384.98,384977.66,5.59
316,G1T1701_BR464,G1T1701_BR_440_MP,398.03,398029.38,5.60
317,G1T1701_BR322,not in dart analysis,404.03,404034.93,5.61
318,G1T1701_BR059,G1T1701_BR_057_GP,416.90,416901.39,5.62
319,G1T1701_BR257,G1T1701_BR_240_MP,419.24,419239.79,5.62
320,G1T1701_BR314,not in dart analysis,445.39,445388.63,5.65
321,G1T1701_BR369,G1T1701_BR_348_MP,449.12,449124.23,5.65
322,G1T1701_BR317,G1T1701_BR_300_MP,460.61,460609.32,5.66
323,G1T1701_BR378,G1T1701_BR_357_MP,468.56,468563.51,5.67
324,G1T1701_BR060,G1T1701_BR_058_P,492.32,492322.57,5.69
325,G1T1701_BR451,G1T1701_BR_427_MP,504.34,504335.81,5.70
326,G1T1701_BR445,G1T1701_BR_422_MP,518.93,518933.10,5.72
327,G1T1701_BR355,G1T1701_BR_338_MP,545.49,545493.43,5.74
328,G1T1701_BR184,G1T1701_BR_167_MP,565.43,565428.57,5.75
329,G1T1701_BR092,G1T1701_BR_088_MP,583.32,583315.01,5.77
330,G1T1701_BR280,G1T1701_BR_263_MP,592.88,592882.67,5.77
331,G1T1701_BR411,G1T1701_BR_389_MP,603.97,603969.24,5.78
332,G1T1701_BR471,G1T1701_BR_447_MP,604.56,604558.44,5.78
333,G1T1701_BR229,G1T1701_BR_212_MP,612.34,612339.17,5.79
334,G1T1701_BR376,G1T1701_BR_355_MP,629.34,629344.76,5.80
335,G1T1701_BR112,G1T1701_BR_098_MP,634.48,634477.96,5.80
336,G1T1701_BR472,G1T1701_BR_448_MP,636.29,636294.19,5.80
337,G1T1701_BR253,G1T1701_BR_236_MP,646.25,646252.84,5.81
338,G1T1701_BR254,G1T1701_BR_237_MP,656.65,656647.34,5.82
339,G1T1701_BR393,G1T1701_BR_371_MP,680.86,680856.00,5.83
340,G1T1701_BR144,G1T1701_BR_126_MP,686.17,686173.74,5.84
341,G1T1701_BR161,G1T1701_BR_141_MP,714.51,714512.84,5.85
342,G1T1701_BR114,G1T1701_BR_100_MP,726.36,726364.33,5.86
343,G1T1701_BR061,G1T1701_BR_050_GP,738.73,738730.89,5.87
344,G1T1701_BR380,G1T1701_BR_359_MP,741.46,741464.43,5.87
345,G1T1701_BR458,G1T1701_BR_434_MP,742.81,742809.37,5.87
346,G1T1701_BR356,G1T1701_BR_339_MP,746.41,746413.80,5.87
347,G1T1701_BR039,G1T1701_BR_106_M,752.91,752913.51,5.88
348,G1T1701_BR465,G1T1701_BR_441_MP,761.81,761811.22,5.88
349,G1T1701_BR328,G1T1701_BR_311_MP,828.21,828206.26,5.92
350,G1T1701_BR454,G1T1701_BR_430_MP,842.69,842693.80,5.93
351,G1T1701_BR361,G1T1701_BR_459,871.93,871927.44,5.94
352,G1T1701_BR470,G1T1701_BR_446_MP,895.40,895404.59,5.95
353,G1T1701_BR153,G1T1701_BR_134_MP,923.13,923130.20,5.97
354,G1T1701BR_459,not in dart analysis,939.86,939858.05,5.97
355,G1T1701_BR198,G1T1701_BR_181_MP,960.61,960605.94,5.98
356,G1T1701_BR162,not in dart analysis,978.57,978572.98,5.99
357,G1T1701_BR467,G1T1701_BR_443_MP,1027.48,1027483.89,6.01
358,G1T1701_BR461,G1T1701_BR_437_MP,1045.98,1045976.84,6.02
359,G1T1701_BR279,G1T1701_BR_262_MP,1072.97,1072974.50,6.03
360,G1T1701_BR094,G1T1701_BR_090_M,1084.19,1084193.42,6.04
361,G1T1701_BR426,G1T1701_BR_404_MP,1091.43,1091431.19,6.04
362,G1T1701_BR180,G1T1701_BR_163_MP,1094.66,1094661.63,6.04
363,G1T1701_BR058,G1T1701_BR_078_MP,1099.51,1099514.65,6.04
364,G1T1701_BR475,G1T1701_BR_451_MP,1224.67,1224673.78,6.09
365,G1T1701_BR250,G1T1701_BR_233_MP,1286.76,1286762.23,6.11
366,G1T1701_BR420,G1T1701_BR_398_MP,1339.78,1339780.61,6.13
457,G1T1701BR_436,not in dart analysis,1407.59,1407592.57,6.15
367,G1T1701_BR448,G1T1701_BR_425_MP,1447.27,1447273.48,6.16
368,G1T1701_BR352,G1T1701_BR_335_M,1456.26,1456255.86,6.16
369,G1T1701_BR394,G1T1701_BR_372_MP,1488.71,1488708.18,6.17
370,G1T1701_BR348,not dart analysed,1540.35,1540351.80,6.19
371,G1T1701_BR423,G1T1701_BR_401_MP,1578.55,1578548.68,6.20
372,G1T1701_BR243,G1T1701_BR_226_MP,1663.22,1663215.45,6.22
373,G1T1701_BR242,G1T1701_BR_225_M,1757.66,1757661.89,6.24
374,G1T1701_BR363,G1T1701_BR_342_M,1832.08,1832076.95,6.26
375,G1T1701BR_354,not in dart analysis,1872.62,1872619.00,6.27
376,G1T1701_BR213,G1T1701_BR_196_M,1915.04,1915043.07,6.28
377,G1T1701_BR124,G1T1701_BR_113_MP,1964.50,1964504.58,6.29
378,G1T1701BR_353,not in dart analysis,2105.61,2105609.11,6.32
379,G1T1701_BR038,G1T1701_BR_105_MP,2150.62,2150623.90,6.33
380,G1T1701_BR357,G1T1701_BR_340_MP,2288.71,2288706.11,6.36
381,G1T1701_BR095,G1T1701_BR_091_M,2349.41,2349412.12,6.37
382,G1T1701_BR096,G1T1701_BR_092_M,2421.41,2421412.47,6.38
383,G1T1701_BR268,G1T1701_BR_251_MP,2664.92,2664921.81,6.43
384,G1T1701_BR386,G1T1701_BR_365_MP,2690.47,2690474.69,6.43
385,G1T1701_BR289,G1T1701_BR_272_MP,2850.76,2850758.60,6.45
386,G1T1701_BR262,G1T1701_BR_245_MP,2943.61,2943612.47,6.47
387,G1T1701_BR047,G1T1701_BR_077_MP,3060.32,3060324.22,6.49
388,G1T1701_BR382,G1T1701_BR_361_MP,3117.65,3117654.63,6.49
389,G1T1701_BR367,G1T1701_BR_346_MP,3131.46,3131460.15,6.50
390,G1T1701_BR186,G1T1701_BR_169_MP,3625.89,3625890.19,6.56
391,G1T1701_BR154,G1T1701_BR_135_MP,3796.83,3796833.03,6.58
392,G1T1701_BR236,G1T1701_BR_219_MP,3905.54,3905541.26,6.59
393,G1T1701_BR101,G1T1701_BR_054_P,4087.45,4087454.47,6.61
394,G1T1701_BR455,G1T1701_BR_431_MP,4558.73,4558733.38,6.66
395,G1T1701_BR249,G1T1701_BR_232_M,4604.68,4604675.49,6.66
396,G1T1701_BR018,G1T1701_BR_018_P,4651.50,4651499.90,6.67
397,G1T1701_BR387,G1T1701_BR_366_MP,4752.25,4752246.07,6.68
398,G1T1701_BR089,G1T1701_BR_085_MP,4831.98,4831979.13,6.68
399,G1T1701_BR358,G1T1701_BR_341_MP,5035.13,5035134.70,6.70
400,G1T1701_BR365,not in dart analysis,5185.66,5185662.54,6.71
401,G1T1701_BR070,G1T1701_BR_061_P,5553.24,5553240.28,6.74
402,G1T1701_BR214,G1T1701_BR_197_MP,5918.60,5918602.83,6.77
403,G1T1701_BR209,G1T1701_BR_191_MP,6033.84,6033839.37,6.78
404,G1T1701_BR160,G1T1701_BR_140_MP,6585.13,6585129.82,6.82
405,G1T1701_BR203,G1T1701_BR_185_MP,6602.72,6602719.07,6.82
406,G1T1701_BR307,G1T1701_BR_290_M,7305.33,7305332.63,6.86
407,G1T1701_BR171,G1T1701_BR_151_MP,8033.15,8033149.94,6.90
408,G1T1701_BR233,G1T1701_BR_216_MP,9288.26,9288262.70,6.97
409,G1T1701_BR230,G1T1701_BR_213_MP,9510.39,9510389.93,6.98
410,G1T1701_BR215,G1T1701_BR_198_M,11548.64,11548636.27,7.06
411,G1T1701_BR284,G1T1701_BR_267_MP,12314.88,12314877.32,7.09
412,G1T1701_BR176,G1T1701_BR_156_MP,12391.45,12391445.98,7.09
413,G1T1701_BR259,G1T1701_BR_159_MP,15739.38,15739376.23,7.20
414,G1T1701_BR278,G1T1701_BR_261_MP,16100.51,16100509.56,7.21
415,G1T1701_BR309,G1T1701_BR_292_MP,17245.08,17245075.33,7.24
416,G1T1701_BR189,G1T1701_BR_172_MP,19731.72,19731722.44,7.30
417,G1T1701_BR431,G1T1701_BR_409_MP,22033.44,22033441.93,7.34
418,G1T1701_BR432,G1T1701_BR_410_MP,23364.56,23364560.45,7.37
419,G1T1701_BR267,G1T1701_BR_250_MP,28658.00,28657998.84,7.46
420,G1T1701_BR384,G1T1701_BR_363_MP,30714.11,30714112.54,7.49
421,G1T1701_BR383,G1T1701_BR_362_MP,33489.57,33489573.21,7.52
422,G1T1701_BR091,G1T1701_BR_087_MP,35147.81,35147806.54,7.55
423,G1T1701_BR269,G1T1701_BR_252_MP,35815.65,35815650.52,7.55
424,G1T1701_BR090,G1T1701_BR_086_MP,36131.45,36131446.88,7.56
425,G1T1701_BR069,G1T1701_BR_060_P,37334.80,37334802.92,7.57
426,G1T1701_BR247,G1T1701_BR_230_M,42054.12,42054122.37,7.62
427,G1T1701_BR321,not in dart analysis,42990.10,42990104.85,7.63
428,G1T1701_BR199,G1T1701_BR_182_MP,47772.73,47772733.60,7.68
429,G1T1701_BR227,G1T1701_BR_210_M,52881.98,52881983.18,7.72
430,G1T1701_BR223,not in dart analysis,55719.11,55719109.81,7.75
431,G1T1701_BR232,G1T1701_BR_215_MP,65195.22,65195216.14,7.81
432,G1T1701_BR311,not in dart analysis,82641.46,82641462.59,7.92
433,G1T1701_BR220,G1T1701_BR_203_M,94337.82,94337820.52,7.97
434,G1T1701_BR252,G1T1701_BR_235_MP,101298.35,101298352.46,8.01
435,G1T1701_BR256,G1T1701_BR_239_MP,108779.35,108779346.94,8.04
436,G1T1701_BR362,G1T1701_BR_460,109335.87,109335867.58,8.04
437,G1T1701_BR132,G1T1701_BR_068_P,139100.96,139100962.07,8.14
438,G1T1701_BR425,G1T1701_BR_403_MP,152704.86,152704860.72,8.18
439,G1T1701_BR197,G1T1701_BR_180_MP,180144.14,180144139.66,8.26
440,G1T1701_BR388,G1T1701_BR_367_MP,189258.99,189258992.65,8.28
441,G1T1701_BR200,G1T1701_BR_183_MP,198355.18,198355184.62,8.30
442,G1T1701_BR159,G1T1701_BR_139_MP,234254.72,234254722.72,8.37
443,G1T1701_BR273,G1T1701_BR_256_GMP,234545.90,234545896.74,8.37
444,G1T1701_BR240,G1T1701_BR_223_M,301948.61,301948609.11,8.48
445,G1T1701_BR435,G1T1701_BR_413_MP,388315.44,388315442.91,8.59
446,G1T1701_BR212,G1T1701_BR_194_MP,394078.92,394078920.99,8.60
447,G1T1701_BR175,G1T1701_BR_155_M,506712.82,506712819.92,8.70
448,G1T1701_BR178,G1T1701_BR_161_MP,524863.18,524863178.64,8.72
449,G1T1701_BR244,G1T1701_BR_227_MP,790713.28,790713281.29,8.90
450,G1T1701_BR370,G1T1701_BR_349_MP,798421.48,798421484.06,8.90
451,G1T1701_BR221,G1T1701_BR_204_M,824428.37,824428366.05,8.92
452,G1T1701_BR152,G1T1701_BR_133_MP,839048.03,839048029.01,8.92
453,G1T1701_BR374,G1T1701_BR_353_MP,1111784.64,1111784643.09,9.05
454,G1T1701_BR201,G1T1701_BR_184_MP,1467753.67,1467753673.88,9.17
455,G1T1701_BR241,G1T1701_BR_224_MP,1964876.44,1964876438.73,9.29
456,G1T1701_BR391,not in dart analysis,2809337.10,2809337102.79,9.45
