155,G1T1701_155_009_E2_MP,G1T1701_BR_048_P,G1T1701_BR_001_P,G1T1701_BR_048_P__G1T1701_BR_001_P
155,G1T1701_155_009_E6_MP,G1T1701_BR_048_P,G1T1701_BR_001_P,G1T1701_BR_048_P__G1T1701_BR_001_P
155,G1T1701_155_009_E8_MP,G1T1701_BR_048_P,G1T1701_BR_001_P,G1T1701_BR_048_P__G1T1701_BR_001_P
155,G1T1701_155_009_F12_GMP,G1T1701_BR_048_P,G1T1701_BR_001_P,G1T1701_BR_048_P__G1T1701_BR_001_P
155,G1T1701_155_009_C5_MP,G1T1701_BR_048_P,G1T1701_BR_001_P,G1T1701_BR_048_P__G1T1701_BR_001_P
155,G1T1701_155_001_C11_G,G1T1701_BR_048_P,G1T1701_BR_001_P,G1T1701_BR_048_P__G1T1701_BR_001_P
155,G1T1701_155_001_C9_G,G1T1701_BR_048_P,G1T1701_BR_001_P,G1T1701_BR_048_P__G1T1701_BR_001_P
155,G1T1701_155_001_D8_G,G1T1701_BR_048_P,G1T1701_BR_001_P,G1T1701_BR_048_P__G1T1701_BR_001_P
155,G1T1701_155_002_B1_G,G1T1701_BR_048_P,G1T1701_BR_001_P,G1T1701_BR_048_P__G1T1701_BR_001_P
155,G1T1701_155_002_B4_G,G1T1701_BR_048_P,G1T1701_BR_001_P,G1T1701_BR_048_P__G1T1701_BR_001_P
155,G1T1701_155_002_C10_G,G1T1701_BR_048_P,G1T1701_BR_001_P,G1T1701_BR_048_P__G1T1701_BR_001_P
155,G1T1701_155_003_G7_G,G1T1701_BR_048_P,G1T1701_BR_001_P,G1T1701_BR_048_P__G1T1701_BR_001_P
155,G1T1701_155_004_E6_G,G1T1701_BR_048_P,G1T1701_BR_001_P,G1T1701_BR_048_P__G1T1701_BR_001_P
155,G1T1701_155_004_E9_G,G1T1701_BR_048_P,G1T1701_BR_001_P,G1T1701_BR_048_P__G1T1701_BR_001_P
155,G1T1701_155_004_F10_G,G1T1701_BR_048_P,G1T1701_BR_001_P,G1T1701_BR_048_P__G1T1701_BR_001_P
155,G1T1701_155_004_G10_G,G1T1701_BR_048_P,G1T1701_BR_001_P,G1T1701_BR_048_P__G1T1701_BR_001_P
155,G1T1701_155_005_C7_G,G1T1701_BR_048_P,G1T1701_BR_001_P,G1T1701_BR_048_P__G1T1701_BR_001_P
155,G1T1701_155_005_F11_G,G1T1701_BR_048_P,G1T1701_BR_001_P,G1T1701_BR_048_P__G1T1701_BR_001_P
155,G1T1701_155_006_F11_G,G1T1701_BR_048_P,G1T1701_BR_001_P,G1T1701_BR_048_P__G1T1701_BR_001_P
155,G1T1701_155_007_A5_G,G1T1701_BR_048_P,G1T1701_BR_001_P,G1T1701_BR_048_P__G1T1701_BR_001_P
155,G1T1701_155_007_F12_G,G1T1701_BR_048_P,G1T1701_BR_001_P,G1T1701_BR_048_P__G1T1701_BR_001_P
155,G1T1701_155_007_F3_G,G1T1701_BR_048_P,G1T1701_BR_001_P,G1T1701_BR_048_P__G1T1701_BR_001_P
155,G1T1701_155_007_F9_G,G1T1701_BR_048_P,G1T1701_BR_001_P,G1T1701_BR_048_P__G1T1701_BR_001_P
155,G1T1701_155_007_G10_G,G1T1701_BR_048_P,G1T1701_BR_001_P,G1T1701_BR_048_P__G1T1701_BR_001_P
155,G1T1701_155_007_H3_G,G1T1701_BR_048_P,G1T1701_BR_001_P,G1T1701_BR_048_P__G1T1701_BR_001_P
155,G1T1701_155_008_A4_G,G1T1701_BR_048_P,G1T1701_BR_001_P,G1T1701_BR_048_P__G1T1701_BR_001_P
155,G1T1701_155_008_A7_G,G1T1701_BR_048_P,G1T1701_BR_001_P,G1T1701_BR_048_P__G1T1701_BR_001_P
155,G1T1701_155_008_B7_G,G1T1701_BR_048_P,G1T1701_BR_001_P,G1T1701_BR_048_P__G1T1701_BR_001_P
155,G1T1701_155_008_C5_G,G1T1701_BR_048_P,G1T1701_BR_001_P,G1T1701_BR_048_P__G1T1701_BR_001_P
155,G1T1701_155_008_C7_G,G1T1701_BR_048_P,G1T1701_BR_001_P,G1T1701_BR_048_P__G1T1701_BR_001_P
155,G1T1701_155_008_E12_G,G1T1701_BR_048_P,G1T1701_BR_001_P,G1T1701_BR_048_P__G1T1701_BR_001_P
155,G1T1701_155_008_E3_G,G1T1701_BR_048_P,G1T1701_BR_001_P,G1T1701_BR_048_P__G1T1701_BR_001_P
155,G1T1701_155_008_F3_G,G1T1701_BR_048_P,G1T1701_BR_001_P,G1T1701_BR_048_P__G1T1701_BR_001_P
155,G1T1701_155_008_H10_G,G1T1701_BR_048_P,G1T1701_BR_001_P,G1T1701_BR_048_P__G1T1701_BR_001_P
155,G1T1701_155_010_A2_G,G1T1701_BR_048_P,G1T1701_BR_001_P,G1T1701_BR_048_P__G1T1701_BR_001_P
155,G1T1701_155_010_B10_G,G1T1701_BR_048_P,G1T1701_BR_001_P,G1T1701_BR_048_P__G1T1701_BR_001_P
155,G1T1701_155_010_B2_G,G1T1701_BR_048_P,G1T1701_BR_001_P,G1T1701_BR_048_P__G1T1701_BR_001_P
155,G1T1701_155_010_D1_G,G1T1701_BR_048_P,G1T1701_BR_001_P,G1T1701_BR_048_P__G1T1701_BR_001_P
155,G1T1701_155_010_F5_G,G1T1701_BR_048_P,G1T1701_BR_001_P,G1T1701_BR_048_P__G1T1701_BR_001_P
155,G1T1701_155_010_F8_G,G1T1701_BR_048_P,G1T1701_BR_001_P,G1T1701_BR_048_P__G1T1701_BR_001_P
155,G1T1701_155_009_G3_MP,G1T1701_BR_048_P,G1T1701_BR_002_P,G1T1701_BR_048_P__G1T1701_BR_002_P
155,G1T1701_155_009_G4_MP,G1T1701_BR_048_P,G1T1701_BR_002_P,G1T1701_BR_048_P__G1T1701_BR_002_P
155,G1T1701_155_009_G6_MP,G1T1701_BR_048_P,G1T1701_BR_002_P,G1T1701_BR_048_P__G1T1701_BR_002_P
155,G1T1701_155_009_A10_GMP,G1T1701_BR_048_P,G1T1701_BR_002_P,G1T1701_BR_048_P__G1T1701_BR_002_P
155,G1T1701_155_009_B12_GMP,G1T1701_BR_048_P,G1T1701_BR_002_P,G1T1701_BR_048_P__G1T1701_BR_002_P
155,G1T1701_155_009_D3_MP,G1T1701_BR_048_P,G1T1701_BR_002_P,G1T1701_BR_048_P__G1T1701_BR_002_P
155,G1T1701_155_001_A12_G,G1T1701_BR_048_P,G1T1701_BR_002_P,G1T1701_BR_048_P__G1T1701_BR_002_P
155,G1T1701_155_001_A9_G,G1T1701_BR_048_P,G1T1701_BR_002_P,G1T1701_BR_048_P__G1T1701_BR_002_P
155,G1T1701_155_001_C5_G,G1T1701_BR_048_P,G1T1701_BR_002_P,G1T1701_BR_048_P__G1T1701_BR_002_P
155,G1T1701_155_001_E1_G,G1T1701_BR_048_P,G1T1701_BR_002_P,G1T1701_BR_048_P__G1T1701_BR_002_P
155,G1T1701_155_001_E7_G,G1T1701_BR_048_P,G1T1701_BR_002_P,G1T1701_BR_048_P__G1T1701_BR_002_P
155,G1T1701_155_001_H9_G,G1T1701_BR_048_P,G1T1701_BR_002_P,G1T1701_BR_048_P__G1T1701_BR_002_P
155,G1T1701_155_002_A2_G,G1T1701_BR_048_P,G1T1701_BR_002_P,G1T1701_BR_048_P__G1T1701_BR_002_P
155,G1T1701_155_002_G3_G,G1T1701_BR_048_P,G1T1701_BR_002_P,G1T1701_BR_048_P__G1T1701_BR_002_P
155,G1T1701_155_003_A12_G,G1T1701_BR_048_P,G1T1701_BR_002_P,G1T1701_BR_048_P__G1T1701_BR_002_P
155,G1T1701_155_003_C4_G,G1T1701_BR_048_P,G1T1701_BR_002_P,G1T1701_BR_048_P__G1T1701_BR_002_P
155,G1T1701_155_003_F1_G,G1T1701_BR_048_P,G1T1701_BR_002_P,G1T1701_BR_048_P__G1T1701_BR_002_P
155,G1T1701_155_004_C2_G,G1T1701_BR_048_P,G1T1701_BR_002_P,G1T1701_BR_048_P__G1T1701_BR_002_P
155,G1T1701_155_005_F6_G,G1T1701_BR_048_P,G1T1701_BR_002_P,G1T1701_BR_048_P__G1T1701_BR_002_P
155,G1T1701_155_006_C7_G,G1T1701_BR_048_P,G1T1701_BR_002_P,G1T1701_BR_048_P__G1T1701_BR_002_P
155,G1T1701_155_006_F10_G,G1T1701_BR_048_P,G1T1701_BR_002_P,G1T1701_BR_048_P__G1T1701_BR_002_P
155,G1T1701_155_006_H6_G,G1T1701_BR_048_P,G1T1701_BR_002_P,G1T1701_BR_048_P__G1T1701_BR_002_P
155,G1T1701_155_007_H4_G,G1T1701_BR_048_P,G1T1701_BR_002_P,G1T1701_BR_048_P__G1T1701_BR_002_P
155,G1T1701_155_008_F11_G,G1T1701_BR_048_P,G1T1701_BR_002_P,G1T1701_BR_048_P__G1T1701_BR_002_P
155,G1T1701_155_008_F2_G,G1T1701_BR_048_P,G1T1701_BR_002_P,G1T1701_BR_048_P__G1T1701_BR_002_P
155,G1T1701_155_008_F9_G,G1T1701_BR_048_P,G1T1701_BR_002_P,G1T1701_BR_048_P__G1T1701_BR_002_P
155,G1T1701_155_008_G11_G,G1T1701_BR_048_P,G1T1701_BR_002_P,G1T1701_BR_048_P__G1T1701_BR_002_P
155,G1T1701_155_008_G4_G,G1T1701_BR_048_P,G1T1701_BR_002_P,G1T1701_BR_048_P__G1T1701_BR_002_P
155,G1T1701_155_010_A4_G,G1T1701_BR_048_P,G1T1701_BR_002_P,G1T1701_BR_048_P__G1T1701_BR_002_P
155,G1T1701_155_010_C1_G,G1T1701_BR_048_P,G1T1701_BR_002_P,G1T1701_BR_048_P__G1T1701_BR_002_P
155,G1T1701_155_010_D3_G,G1T1701_BR_048_P,G1T1701_BR_002_P,G1T1701_BR_048_P__G1T1701_BR_002_P
155,G1T1701_155_010_D8_G,G1T1701_BR_048_P,G1T1701_BR_002_P,G1T1701_BR_048_P__G1T1701_BR_002_P
155,G1T1701_155_010_F11_G,G1T1701_BR_048_P,G1T1701_BR_002_P,G1T1701_BR_048_P__G1T1701_BR_002_P
155,G1T1701_155_010_F6_G,G1T1701_BR_048_P,G1T1701_BR_002_P,G1T1701_BR_048_P__G1T1701_BR_002_P
155,G1T1701_155_010_G3_G,G1T1701_BR_048_P,G1T1701_BR_002_P,G1T1701_BR_048_P__G1T1701_BR_002_P
155,G1T1701_155_002_C8_G,G1T1701_BR_049_GP,G1T1701_BR_001_P,G1T1701_BR_049_GP__G1T1701_BR_001_P
155,G1T1701_155_002_H11_G,G1T1701_BR_049_GP,G1T1701_BR_001_P,G1T1701_BR_049_GP__G1T1701_BR_001_P
155,G1T1701_155_003_A1_G,G1T1701_BR_049_GP,G1T1701_BR_001_P,G1T1701_BR_049_GP__G1T1701_BR_001_P
155,G1T1701_155_009_G11_MP,G1T1701_BR_049_GP,G1T1701_BR_003_P,G1T1701_BR_049_GP__G1T1701_BR_003_P
155,G1T1701_155_009_H9_MP,G1T1701_BR_049_GP,G1T1701_BR_003_P,G1T1701_BR_049_GP__G1T1701_BR_003_P
155,G1T1701_155_009_A3_MP,G1T1701_BR_049_GP,G1T1701_BR_003_P,G1T1701_BR_049_GP__G1T1701_BR_003_P
155,G1T1701_155_001_C7_G,G1T1701_BR_049_GP,G1T1701_BR_003_P,G1T1701_BR_049_GP__G1T1701_BR_003_P
155,G1T1701_155_002_A1_G,G1T1701_BR_049_GP,G1T1701_BR_003_P,G1T1701_BR_049_GP__G1T1701_BR_003_P
155,G1T1701_155_002_B9_G,G1T1701_BR_049_GP,G1T1701_BR_003_P,G1T1701_BR_049_GP__G1T1701_BR_003_P
155,G1T1701_155_003_F11_G,G1T1701_BR_049_GP,G1T1701_BR_003_P,G1T1701_BR_049_GP__G1T1701_BR_003_P
155,G1T1701_155_004_C7_G,G1T1701_BR_049_GP,G1T1701_BR_003_P,G1T1701_BR_049_GP__G1T1701_BR_003_P
155,G1T1701_155_004_C8_G,G1T1701_BR_049_GP,G1T1701_BR_003_P,G1T1701_BR_049_GP__G1T1701_BR_003_P
155,G1T1701_155_004_D3_G,G1T1701_BR_049_GP,G1T1701_BR_003_P,G1T1701_BR_049_GP__G1T1701_BR_003_P
155,G1T1701_155_005_B7_G,G1T1701_BR_049_GP,G1T1701_BR_003_P,G1T1701_BR_049_GP__G1T1701_BR_003_P
155,G1T1701_155_005_G11_G,G1T1701_BR_049_GP,G1T1701_BR_003_P,G1T1701_BR_049_GP__G1T1701_BR_003_P
155,G1T1701_155_006_C3_G,G1T1701_BR_049_GP,G1T1701_BR_003_P,G1T1701_BR_049_GP__G1T1701_BR_003_P
155,G1T1701_155_006_C4_G,G1T1701_BR_049_GP,G1T1701_BR_003_P,G1T1701_BR_049_GP__G1T1701_BR_003_P
155,G1T1701_155_007_C6_G,G1T1701_BR_049_GP,G1T1701_BR_003_P,G1T1701_BR_049_GP__G1T1701_BR_003_P
155,G1T1701_155_008_D4_G,G1T1701_BR_049_GP,G1T1701_BR_003_P,G1T1701_BR_049_GP__G1T1701_BR_003_P
155,G1T1701_155_008_E4_G,G1T1701_BR_049_GP,G1T1701_BR_003_P,G1T1701_BR_049_GP__G1T1701_BR_003_P
155,G1T1701_155_010_B12_G,G1T1701_BR_049_GP,G1T1701_BR_003_P,G1T1701_BR_049_GP__G1T1701_BR_003_P
155,G1T1701_155_010_B6_G,G1T1701_BR_049_GP,G1T1701_BR_003_P,G1T1701_BR_049_GP__G1T1701_BR_003_P
155,G1T1701_155_008_B4_G,G1T1701_BR_052_P,G1T1701_BR_004_P,G1T1701_BR_052_P__G1T1701_BR_004_P
155,G1T1701_155_004_H1_G,G1T1701_BR_052_P,G1T1701_BR_007_P,G1T1701_BR_052_P__G1T1701_BR_007_P
155,G1T1701_155_008_D6_G,G1T1701_BR_052_P,G1T1701_BR_007_P,G1T1701_BR_052_P__G1T1701_BR_007_P
155,G1T1701_155_001_A7_G,G1T1701_BR_053_GP,G1T1701_BR_005_P,G1T1701_BR_053_GP__G1T1701_BR_005_P
155,G1T1701_155_001_H3_G,G1T1701_BR_053_GP,G1T1701_BR_005_P,G1T1701_BR_053_GP__G1T1701_BR_005_P
155,G1T1701_155_004_C1_G,G1T1701_BR_053_GP,G1T1701_BR_005_P,G1T1701_BR_053_GP__G1T1701_BR_005_P
155,G1T1701_155_004_H10_G,G1T1701_BR_053_GP,G1T1701_BR_005_P,G1T1701_BR_053_GP__G1T1701_BR_005_P
155,G1T1701_155_005_D5_G,G1T1701_BR_053_GP,G1T1701_BR_005_P,G1T1701_BR_053_GP__G1T1701_BR_005_P
155,G1T1701_155_005_F7_G,G1T1701_BR_053_GP,G1T1701_BR_005_P,G1T1701_BR_053_GP__G1T1701_BR_005_P
155,G1T1701_155_006_A10_G,G1T1701_BR_053_GP,G1T1701_BR_005_P,G1T1701_BR_053_GP__G1T1701_BR_005_P
155,G1T1701_155_006_D8_G,G1T1701_BR_053_GP,G1T1701_BR_005_P,G1T1701_BR_053_GP__G1T1701_BR_005_P
155,G1T1701_155_007_A9_G,G1T1701_BR_053_GP,G1T1701_BR_005_P,G1T1701_BR_053_GP__G1T1701_BR_005_P
155,G1T1701_155_007_B4_G,G1T1701_BR_053_GP,G1T1701_BR_005_P,G1T1701_BR_053_GP__G1T1701_BR_005_P
155,G1T1701_155_007_E9_G,G1T1701_BR_053_GP,G1T1701_BR_005_P,G1T1701_BR_053_GP__G1T1701_BR_005_P
155,G1T1701_155_007_F11_G,G1T1701_BR_053_GP,G1T1701_BR_005_P,G1T1701_BR_053_GP__G1T1701_BR_005_P
155,G1T1701_155_008_A3_G,G1T1701_BR_053_GP,G1T1701_BR_005_P,G1T1701_BR_053_GP__G1T1701_BR_005_P
155,G1T1701_155_008_C1_G,G1T1701_BR_053_GP,G1T1701_BR_005_P,G1T1701_BR_053_GP__G1T1701_BR_005_P
155,G1T1701_155_008_D10_G,G1T1701_BR_053_GP,G1T1701_BR_005_P,G1T1701_BR_053_GP__G1T1701_BR_005_P
155,G1T1701_155_008_G7_G,G1T1701_BR_053_GP,G1T1701_BR_005_P,G1T1701_BR_053_GP__G1T1701_BR_005_P
155,G1T1701_155_010_A11_G,G1T1701_BR_053_GP,G1T1701_BR_005_P,G1T1701_BR_053_GP__G1T1701_BR_005_P
155,G1T1701_155_009_D4_MP,G1T1701_BR_053_GP,G1T1701_BR_006_P,G1T1701_BR_053_GP__G1T1701_BR_006_P
155,G1T1701_155_009_F1_MP,G1T1701_BR_053_GP,G1T1701_BR_006_P,G1T1701_BR_053_GP__G1T1701_BR_006_P
155,G1T1701_155_009_F2_MP,G1T1701_BR_053_GP,G1T1701_BR_006_P,G1T1701_BR_053_GP__G1T1701_BR_006_P
155,G1T1701_155_009_F7_MP,G1T1701_BR_053_GP,G1T1701_BR_006_P,G1T1701_BR_053_GP__G1T1701_BR_006_P
155,G1T1701_155_009_G8_MP,G1T1701_BR_053_GP,G1T1701_BR_006_P,G1T1701_BR_053_GP__G1T1701_BR_006_P
155,G1T1701_155_009_B10_GMP,G1T1701_BR_053_GP,G1T1701_BR_006_P,G1T1701_BR_053_GP__G1T1701_BR_006_P
155,G1T1701_155_009_B4_MP,G1T1701_BR_053_GP,G1T1701_BR_006_P,G1T1701_BR_053_GP__G1T1701_BR_006_P
155,G1T1701_155_009_B5_MP,G1T1701_BR_053_GP,G1T1701_BR_006_P,G1T1701_BR_053_GP__G1T1701_BR_006_P
155,G1T1701_155_009_C8_MP,G1T1701_BR_053_GP,G1T1701_BR_006_P,G1T1701_BR_053_GP__G1T1701_BR_006_P
155,G1T1701_155_009_C9_MP,G1T1701_BR_053_GP,G1T1701_BR_006_P,G1T1701_BR_053_GP__G1T1701_BR_006_P
155,G1T1701_155_001_F3_G,G1T1701_BR_053_GP,G1T1701_BR_006_P,G1T1701_BR_053_GP__G1T1701_BR_006_P
155,G1T1701_155_001_H11_G,G1T1701_BR_053_GP,G1T1701_BR_006_P,G1T1701_BR_053_GP__G1T1701_BR_006_P
155,G1T1701_155_002_B10_G,G1T1701_BR_053_GP,G1T1701_BR_006_P,G1T1701_BR_053_GP__G1T1701_BR_006_P
155,G1T1701_155_002_B3_G,G1T1701_BR_053_GP,G1T1701_BR_006_P,G1T1701_BR_053_GP__G1T1701_BR_006_P
155,G1T1701_155_002_G11_G,G1T1701_BR_053_GP,G1T1701_BR_006_P,G1T1701_BR_053_GP__G1T1701_BR_006_P
155,G1T1701_155_002_G2_G,G1T1701_BR_053_GP,G1T1701_BR_006_P,G1T1701_BR_053_GP__G1T1701_BR_006_P
155,G1T1701_155_002_H2_G,G1T1701_BR_053_GP,G1T1701_BR_006_P,G1T1701_BR_053_GP__G1T1701_BR_006_P
155,G1T1701_155_002_H4_G,G1T1701_BR_053_GP,G1T1701_BR_006_P,G1T1701_BR_053_GP__G1T1701_BR_006_P
155,G1T1701_155_003_C9_G,G1T1701_BR_053_GP,G1T1701_BR_006_P,G1T1701_BR_053_GP__G1T1701_BR_006_P
155,G1T1701_155_003_F5_G,G1T1701_BR_053_GP,G1T1701_BR_006_P,G1T1701_BR_053_GP__G1T1701_BR_006_P
155,G1T1701_155_004_E11_G,G1T1701_BR_053_GP,G1T1701_BR_006_P,G1T1701_BR_053_GP__G1T1701_BR_006_P
155,G1T1701_155_004_E3_G,G1T1701_BR_053_GP,G1T1701_BR_006_P,G1T1701_BR_053_GP__G1T1701_BR_006_P
155,G1T1701_155_004_F11_G,G1T1701_BR_053_GP,G1T1701_BR_006_P,G1T1701_BR_053_GP__G1T1701_BR_006_P
155,G1T1701_155_004_H4_G,G1T1701_BR_053_GP,G1T1701_BR_006_P,G1T1701_BR_053_GP__G1T1701_BR_006_P
155,G1T1701_155_005_A1_G,G1T1701_BR_053_GP,G1T1701_BR_006_P,G1T1701_BR_053_GP__G1T1701_BR_006_P
155,G1T1701_155_005_A9_G,G1T1701_BR_053_GP,G1T1701_BR_006_P,G1T1701_BR_053_GP__G1T1701_BR_006_P
155,G1T1701_155_005_B10_G,G1T1701_BR_053_GP,G1T1701_BR_006_P,G1T1701_BR_053_GP__G1T1701_BR_006_P
155,G1T1701_155_005_B12_G,G1T1701_BR_053_GP,G1T1701_BR_006_P,G1T1701_BR_053_GP__G1T1701_BR_006_P
155,G1T1701_155_005_B3_G,G1T1701_BR_053_GP,G1T1701_BR_006_P,G1T1701_BR_053_GP__G1T1701_BR_006_P
155,G1T1701_155_005_E8_G,G1T1701_BR_053_GP,G1T1701_BR_006_P,G1T1701_BR_053_GP__G1T1701_BR_006_P
155,G1T1701_155_005_F8_G,G1T1701_BR_053_GP,G1T1701_BR_006_P,G1T1701_BR_053_GP__G1T1701_BR_006_P
155,G1T1701_155_005_H4_G,G1T1701_BR_053_GP,G1T1701_BR_006_P,G1T1701_BR_053_GP__G1T1701_BR_006_P
155,G1T1701_155_006_B11_G,G1T1701_BR_053_GP,G1T1701_BR_006_P,G1T1701_BR_053_GP__G1T1701_BR_006_P
155,G1T1701_155_006_B8_G,G1T1701_BR_053_GP,G1T1701_BR_006_P,G1T1701_BR_053_GP__G1T1701_BR_006_P
155,G1T1701_155_006_C12_G,G1T1701_BR_053_GP,G1T1701_BR_006_P,G1T1701_BR_053_GP__G1T1701_BR_006_P
155,G1T1701_155_006_D10_G,G1T1701_BR_053_GP,G1T1701_BR_006_P,G1T1701_BR_053_GP__G1T1701_BR_006_P
155,G1T1701_155_006_D4_G,G1T1701_BR_053_GP,G1T1701_BR_006_P,G1T1701_BR_053_GP__G1T1701_BR_006_P
155,G1T1701_155_007_A10_G,G1T1701_BR_053_GP,G1T1701_BR_006_P,G1T1701_BR_053_GP__G1T1701_BR_006_P
155,G1T1701_155_007_A2_G,G1T1701_BR_053_GP,G1T1701_BR_006_P,G1T1701_BR_053_GP__G1T1701_BR_006_P
155,G1T1701_155_007_B1_G,G1T1701_BR_053_GP,G1T1701_BR_006_P,G1T1701_BR_053_GP__G1T1701_BR_006_P
155,G1T1701_155_007_B12_G,G1T1701_BR_053_GP,G1T1701_BR_006_P,G1T1701_BR_053_GP__G1T1701_BR_006_P
155,G1T1701_155_007_B6_G,G1T1701_BR_053_GP,G1T1701_BR_006_P,G1T1701_BR_053_GP__G1T1701_BR_006_P
155,G1T1701_155_007_C1_G,G1T1701_BR_053_GP,G1T1701_BR_006_P,G1T1701_BR_053_GP__G1T1701_BR_006_P
155,G1T1701_155_007_C4_G,G1T1701_BR_053_GP,G1T1701_BR_006_P,G1T1701_BR_053_GP__G1T1701_BR_006_P
155,G1T1701_155_008_B9_G,G1T1701_BR_053_GP,G1T1701_BR_006_P,G1T1701_BR_053_GP__G1T1701_BR_006_P
155,G1T1701_155_008_C4_G,G1T1701_BR_053_GP,G1T1701_BR_006_P,G1T1701_BR_053_GP__G1T1701_BR_006_P
155,G1T1701_155_008_C8_G,G1T1701_BR_053_GP,G1T1701_BR_006_P,G1T1701_BR_053_GP__G1T1701_BR_006_P
155,G1T1701_155_008_D11_G,G1T1701_BR_053_GP,G1T1701_BR_006_P,G1T1701_BR_053_GP__G1T1701_BR_006_P
155,G1T1701_155_008_D5_G,G1T1701_BR_053_GP,G1T1701_BR_006_P,G1T1701_BR_053_GP__G1T1701_BR_006_P
155,G1T1701_155_010_B4_G,G1T1701_BR_053_GP,G1T1701_BR_006_P,G1T1701_BR_053_GP__G1T1701_BR_006_P
155,G1T1701_155_010_B7_G,G1T1701_BR_053_GP,G1T1701_BR_006_P,G1T1701_BR_053_GP__G1T1701_BR_006_P
155,G1T1701_155_010_B8_G,G1T1701_BR_053_GP,G1T1701_BR_006_P,G1T1701_BR_053_GP__G1T1701_BR_006_P
155,G1T1701_155_010_D5_G,G1T1701_BR_053_GP,G1T1701_BR_006_P,G1T1701_BR_053_GP__G1T1701_BR_006_P
155,G1T1701_155_010_D9_G,G1T1701_BR_053_GP,G1T1701_BR_006_P,G1T1701_BR_053_GP__G1T1701_BR_006_P
155,G1T1701_155_010_E7_G,G1T1701_BR_053_GP,G1T1701_BR_006_P,G1T1701_BR_053_GP__G1T1701_BR_006_P
155,G1T1701_155_010_G11_G,G1T1701_BR_053_GP,G1T1701_BR_006_P,G1T1701_BR_053_GP__G1T1701_BR_006_P
155,G1T1701_155_009_A12_GMP,G1T1701_BR_064_P,G1T1701_BR_031_P,G1T1701_BR_064_P__G1T1701_BR_031_P
155,G1T1701_155_003_D5_G,G1T1701_BR_064_P,G1T1701_BR_031_P,G1T1701_BR_064_P__G1T1701_BR_031_P
155,G1T1701_155_004_F5_G,G1T1701_BR_064_P,G1T1701_BR_031_P,G1T1701_BR_064_P__G1T1701_BR_031_P
155,G1T1701_155_009_H6_MP,G1T1701_BR_064_P,G1T1701_BR_033_P,G1T1701_BR_064_P__G1T1701_BR_033_P
155,G1T1701_155_004_H3_G,G1T1701_BR_064_P,G1T1701_BR_033_P,G1T1701_BR_064_P__G1T1701_BR_033_P
155,G1T1701_155_005_D2_G,G1T1701_BR_064_P,G1T1701_BR_033_P,G1T1701_BR_064_P__G1T1701_BR_033_P
155,G1T1701_155_007_A3_G,G1T1701_BR_064_P,G1T1701_BR_033_P,G1T1701_BR_064_P__G1T1701_BR_033_P
155,G1T1701_155_008_B1_G,G1T1701_BR_064_P,G1T1701_BR_033_P,G1T1701_BR_064_P__G1T1701_BR_033_P
155,G1T1701_155_010_C11_G,G1T1701_BR_064_P,G1T1701_BR_033_P,G1T1701_BR_064_P__G1T1701_BR_033_P
155,G1T1701_155_009_D7_MP,G1T1701_BR_067_GP,G1T1701_BR_037_P,G1T1701_BR_067_GP__G1T1701_BR_037_P
155,G1T1701_155_009_D10_GMP,G1T1701_BR_067_GP,G1T1701_BR_037_P,G1T1701_BR_067_GP__G1T1701_BR_037_P
155,G1T1701_155_001_C1_G,G1T1701_BR_067_GP,G1T1701_BR_037_P,G1T1701_BR_067_GP__G1T1701_BR_037_P
155,G1T1701_155_002_D3_G,G1T1701_BR_067_GP,G1T1701_BR_037_P,G1T1701_BR_067_GP__G1T1701_BR_037_P
155,G1T1701_155_002_E10_G,G1T1701_BR_067_GP,G1T1701_BR_037_P,G1T1701_BR_067_GP__G1T1701_BR_037_P
155,G1T1701_155_002_E4_G,G1T1701_BR_067_GP,G1T1701_BR_037_P,G1T1701_BR_067_GP__G1T1701_BR_037_P
155,G1T1701_155_002_E6_G,G1T1701_BR_067_GP,G1T1701_BR_037_P,G1T1701_BR_067_GP__G1T1701_BR_037_P
155,G1T1701_155_002_F1_G,G1T1701_BR_067_GP,G1T1701_BR_037_P,G1T1701_BR_067_GP__G1T1701_BR_037_P
155,G1T1701_155_002_F4_G,G1T1701_BR_067_GP,G1T1701_BR_037_P,G1T1701_BR_067_GP__G1T1701_BR_037_P
155,G1T1701_155_002_G5_G,G1T1701_BR_067_GP,G1T1701_BR_037_P,G1T1701_BR_067_GP__G1T1701_BR_037_P
155,G1T1701_155_003_H8_G,G1T1701_BR_067_GP,G1T1701_BR_037_P,G1T1701_BR_067_GP__G1T1701_BR_037_P
155,G1T1701_155_004_A9_G,G1T1701_BR_067_GP,G1T1701_BR_037_P,G1T1701_BR_067_GP__G1T1701_BR_037_P
155,G1T1701_155_004_F6_G,G1T1701_BR_067_GP,G1T1701_BR_037_P,G1T1701_BR_067_GP__G1T1701_BR_037_P
155,G1T1701_155_004_G6_G,G1T1701_BR_067_GP,G1T1701_BR_037_P,G1T1701_BR_067_GP__G1T1701_BR_037_P
155,G1T1701_155_004_G8_G,G1T1701_BR_067_GP,G1T1701_BR_037_P,G1T1701_BR_067_GP__G1T1701_BR_037_P
155,G1T1701_155_005_C8_G,G1T1701_BR_067_GP,G1T1701_BR_037_P,G1T1701_BR_067_GP__G1T1701_BR_037_P
155,G1T1701_155_005_F12_G,G1T1701_BR_067_GP,G1T1701_BR_037_P,G1T1701_BR_067_GP__G1T1701_BR_037_P
155,G1T1701_155_006_A7_G,G1T1701_BR_067_GP,G1T1701_BR_037_P,G1T1701_BR_067_GP__G1T1701_BR_037_P
155,G1T1701_155_006_D1_G,G1T1701_BR_067_GP,G1T1701_BR_037_P,G1T1701_BR_067_GP__G1T1701_BR_037_P
155,G1T1701_155_006_D5_G,G1T1701_BR_067_GP,G1T1701_BR_037_P,G1T1701_BR_067_GP__G1T1701_BR_037_P
155,G1T1701_155_006_F1_G,G1T1701_BR_067_GP,G1T1701_BR_037_P,G1T1701_BR_067_GP__G1T1701_BR_037_P
155,G1T1701_155_006_G10_G,G1T1701_BR_067_GP,G1T1701_BR_037_P,G1T1701_BR_067_GP__G1T1701_BR_037_P
155,G1T1701_155_006_G2_G,G1T1701_BR_067_GP,G1T1701_BR_037_P,G1T1701_BR_067_GP__G1T1701_BR_037_P
155,G1T1701_155_006_G7_G,G1T1701_BR_067_GP,G1T1701_BR_037_P,G1T1701_BR_067_GP__G1T1701_BR_037_P
155,G1T1701_155_006_H2_G,G1T1701_BR_067_GP,G1T1701_BR_037_P,G1T1701_BR_067_GP__G1T1701_BR_037_P
155,G1T1701_155_007_B2_G,G1T1701_BR_067_GP,G1T1701_BR_037_P,G1T1701_BR_067_GP__G1T1701_BR_037_P
155,G1T1701_155_007_F10_G,G1T1701_BR_067_GP,G1T1701_BR_037_P,G1T1701_BR_067_GP__G1T1701_BR_037_P
155,G1T1701_155_007_H10_G,G1T1701_BR_067_GP,G1T1701_BR_037_P,G1T1701_BR_067_GP__G1T1701_BR_037_P
155,G1T1701_155_007_H6_G,G1T1701_BR_067_GP,G1T1701_BR_037_P,G1T1701_BR_067_GP__G1T1701_BR_037_P
155,G1T1701_155_008_E2_G,G1T1701_BR_067_GP,G1T1701_BR_037_P,G1T1701_BR_067_GP__G1T1701_BR_037_P
155,G1T1701_155_008_H1_G,G1T1701_BR_067_GP,G1T1701_BR_037_P,G1T1701_BR_067_GP__G1T1701_BR_037_P
155,G1T1701_155_010_C3_G,G1T1701_BR_067_GP,G1T1701_BR_037_P,G1T1701_BR_067_GP__G1T1701_BR_037_P
155,G1T1701_155_010_H10_G,G1T1701_BR_067_GP,G1T1701_BR_037_P,G1T1701_BR_067_GP__G1T1701_BR_037_P
155,G1T1701_155_009_A5_MP,G1T1701_BR_067_GP,G1T1701_BR_038_P,G1T1701_BR_067_GP__G1T1701_BR_038_P
155,G1T1701_155_003_E11_G,G1T1701_BR_067_GP,G1T1701_BR_038_P,G1T1701_BR_067_GP__G1T1701_BR_038_P
155,G1T1701_155_003_H5_G,G1T1701_BR_067_GP,G1T1701_BR_038_P,G1T1701_BR_067_GP__G1T1701_BR_038_P
155,G1T1701_155_004_H9_G,G1T1701_BR_067_GP,G1T1701_BR_038_P,G1T1701_BR_067_GP__G1T1701_BR_038_P
155,G1T1701_155_005_C12_G,G1T1701_BR_067_GP,G1T1701_BR_038_P,G1T1701_BR_067_GP__G1T1701_BR_038_P
155,G1T1701_155_005_D9_G,G1T1701_BR_067_GP,G1T1701_BR_038_P,G1T1701_BR_067_GP__G1T1701_BR_038_P
155,G1T1701_155_005_H1_G,G1T1701_BR_067_GP,G1T1701_BR_038_P,G1T1701_BR_067_GP__G1T1701_BR_038_P
155,G1T1701_155_006_A6_G,G1T1701_BR_067_GP,G1T1701_BR_038_P,G1T1701_BR_067_GP__G1T1701_BR_038_P
155,G1T1701_155_007_G2_G,G1T1701_BR_067_GP,G1T1701_BR_038_P,G1T1701_BR_067_GP__G1T1701_BR_038_P
155,G1T1701_155_007_H2_G,G1T1701_BR_067_GP,G1T1701_BR_038_P,G1T1701_BR_067_GP__G1T1701_BR_038_P
155,G1T1701_155_008_C2_G,G1T1701_BR_067_GP,G1T1701_BR_038_P,G1T1701_BR_067_GP__G1T1701_BR_038_P
155,G1T1701_155_008_H3_G,G1T1701_BR_067_GP,G1T1701_BR_038_P,G1T1701_BR_067_GP__G1T1701_BR_038_P
155,G1T1701_155_008_H9_G,G1T1701_BR_067_GP,G1T1701_BR_038_P,G1T1701_BR_067_GP__G1T1701_BR_038_P
155,G1T1701_155_002_G9_G,G1T1701_BR_068_P,G1T1701_BR_017_P,G1T1701_BR_068_P__G1T1701_BR_017_P
155,G1T1701_155_003_E3_G,G1T1701_BR_068_P,G1T1701_BR_017_P,G1T1701_BR_068_P__G1T1701_BR_017_P
155,G1T1701_155_004_F3_G,G1T1701_BR_068_P,G1T1701_BR_017_P,G1T1701_BR_068_P__G1T1701_BR_017_P
155,G1T1701_155_007_F4_G,G1T1701_BR_068_P,G1T1701_BR_017_P,G1T1701_BR_068_P__G1T1701_BR_017_P
155,G1T1701_155_008_E10_G,G1T1701_BR_068_P,G1T1701_BR_017_P,G1T1701_BR_068_P__G1T1701_BR_017_P
155,G1T1701_155_009_D9_MP,G1T1701_BR_090_M,G1T1701_BR_022_P,G1T1701_BR_090_M__G1T1701_BR_022_P
155,G1T1701_155_009_F5_MP,G1T1701_BR_090_M,G1T1701_BR_022_P,G1T1701_BR_090_M__G1T1701_BR_022_P
155,G1T1701_155_001_G9_G,G1T1701_BR_090_M,G1T1701_BR_022_P,G1T1701_BR_090_M__G1T1701_BR_022_P
155,G1T1701_155_002_C1_G,G1T1701_BR_090_M,G1T1701_BR_022_P,G1T1701_BR_090_M__G1T1701_BR_022_P
155,G1T1701_155_002_C9_G,G1T1701_BR_090_M,G1T1701_BR_022_P,G1T1701_BR_090_M__G1T1701_BR_022_P
155,G1T1701_155_002_G1_G,G1T1701_BR_090_M,G1T1701_BR_022_P,G1T1701_BR_090_M__G1T1701_BR_022_P
155,G1T1701_155_003_B12_G,G1T1701_BR_090_M,G1T1701_BR_022_P,G1T1701_BR_090_M__G1T1701_BR_022_P
155,G1T1701_155_003_F8_G,G1T1701_BR_090_M,G1T1701_BR_022_P,G1T1701_BR_090_M__G1T1701_BR_022_P
155,G1T1701_155_004_H7_G,G1T1701_BR_090_M,G1T1701_BR_022_P,G1T1701_BR_090_M__G1T1701_BR_022_P
155,G1T1701_155_007_B11_G,G1T1701_BR_090_M,G1T1701_BR_022_P,G1T1701_BR_090_M__G1T1701_BR_022_P
155,G1T1701_155_008_D3_G,G1T1701_BR_090_M,G1T1701_BR_022_P,G1T1701_BR_090_M__G1T1701_BR_022_P
155,G1T1701_155_010_F2_G,G1T1701_BR_090_M,G1T1701_BR_022_P,G1T1701_BR_090_M__G1T1701_BR_022_P
155,G1T1701_155_009_E5_MP,G1T1701_BR_102_MP,G1T1701_BR_325_MP,G1T1701_BR_102_MP__G1T1701_BR_325_MP
155,G1T1701_155_007_A4_G,G1T1701_BR_102_MP,G1T1701_BR_325_MP,G1T1701_BR_102_MP__G1T1701_BR_325_MP
155,G1T1701_155_009_D2_MP,G1T1701_BR_103_MP,G1T1701_BR_012_P,G1T1701_BR_103_MP__G1T1701_BR_012_P
155,G1T1701_155_001_B2_G,G1T1701_BR_103_MP,G1T1701_BR_012_P,G1T1701_BR_103_MP__G1T1701_BR_012_P
155,G1T1701_155_001_E6_G,G1T1701_BR_103_MP,G1T1701_BR_012_P,G1T1701_BR_103_MP__G1T1701_BR_012_P
155,G1T1701_155_002_F11_G,G1T1701_BR_103_MP,G1T1701_BR_012_P,G1T1701_BR_103_MP__G1T1701_BR_012_P
155,G1T1701_155_003_H4_G,G1T1701_BR_103_MP,G1T1701_BR_012_P,G1T1701_BR_103_MP__G1T1701_BR_012_P
155,G1T1701_155_004_C6_G,G1T1701_BR_103_MP,G1T1701_BR_012_P,G1T1701_BR_103_MP__G1T1701_BR_012_P
155,G1T1701_155_004_E1_G,G1T1701_BR_103_MP,G1T1701_BR_012_P,G1T1701_BR_103_MP__G1T1701_BR_012_P
155,G1T1701_155_004_G7_G,G1T1701_BR_103_MP,G1T1701_BR_012_P,G1T1701_BR_103_MP__G1T1701_BR_012_P
155,G1T1701_155_004_H6_G,G1T1701_BR_103_MP,G1T1701_BR_012_P,G1T1701_BR_103_MP__G1T1701_BR_012_P
155,G1T1701_155_007_A11_G,G1T1701_BR_103_MP,G1T1701_BR_012_P,G1T1701_BR_103_MP__G1T1701_BR_012_P
155,G1T1701_155_007_C11_G,G1T1701_BR_103_MP,G1T1701_BR_012_P,G1T1701_BR_103_MP__G1T1701_BR_012_P
155,G1T1701_155_007_D10_G,G1T1701_BR_103_MP,G1T1701_BR_012_P,G1T1701_BR_103_MP__G1T1701_BR_012_P
155,G1T1701_155_007_G1_G,G1T1701_BR_103_MP,G1T1701_BR_012_P,G1T1701_BR_103_MP__G1T1701_BR_012_P
155,G1T1701_155_010_G2_G,G1T1701_BR_103_MP,G1T1701_BR_012_P,G1T1701_BR_103_MP__G1T1701_BR_012_P
155,G1T1701_155_010_G5_G,G1T1701_BR_103_MP,G1T1701_BR_012_P,G1T1701_BR_103_MP__G1T1701_BR_012_P
155,G1T1701_155_009_F4_MP,G1T1701_BR_103_MP,G1T1701_BR_014_P,G1T1701_BR_103_MP__G1T1701_BR_014_P
155,G1T1701_155_002_F12_G,G1T1701_BR_103_MP,G1T1701_BR_014_P,G1T1701_BR_103_MP__G1T1701_BR_014_P
155,G1T1701_155_002_F6_G,G1T1701_BR_103_MP,G1T1701_BR_014_P,G1T1701_BR_103_MP__G1T1701_BR_014_P
155,G1T1701_155_003_A3_G,G1T1701_BR_103_MP,G1T1701_BR_014_P,G1T1701_BR_103_MP__G1T1701_BR_014_P
155,G1T1701_155_007_C10_G,G1T1701_BR_103_MP,G1T1701_BR_014_P,G1T1701_BR_103_MP__G1T1701_BR_014_P
155,G1T1701_155_007_E10_G,G1T1701_BR_103_MP,G1T1701_BR_014_P,G1T1701_BR_103_MP__G1T1701_BR_014_P
155,G1T1701_155_008_B10_G,G1T1701_BR_103_MP,G1T1701_BR_014_P,G1T1701_BR_103_MP__G1T1701_BR_014_P
155,G1T1701_155_008_F7_G,G1T1701_BR_103_MP,G1T1701_BR_014_P,G1T1701_BR_103_MP__G1T1701_BR_014_P
155,G1T1701_155_010_C8_G,G1T1701_BR_103_MP,G1T1701_BR_014_P,G1T1701_BR_103_MP__G1T1701_BR_014_P
155,G1T1701_155_009_H1_MP,G1T1701_BR_112_MP,G1T1701_BR_002_P,G1T1701_BR_112_MP__G1T1701_BR_002_P
155,G1T1701_155_009_H2_MP,G1T1701_BR_112_MP,G1T1701_BR_002_P,G1T1701_BR_112_MP__G1T1701_BR_002_P
155,G1T1701_155_001_D7_G,G1T1701_BR_112_MP,G1T1701_BR_002_P,G1T1701_BR_112_MP__G1T1701_BR_002_P
155,G1T1701_155_001_F12_G,G1T1701_BR_112_MP,G1T1701_BR_002_P,G1T1701_BR_112_MP__G1T1701_BR_002_P
155,G1T1701_155_002_A12_G,G1T1701_BR_112_MP,G1T1701_BR_002_P,G1T1701_BR_112_MP__G1T1701_BR_002_P
155,G1T1701_155_002_C3_G,G1T1701_BR_112_MP,G1T1701_BR_002_P,G1T1701_BR_112_MP__G1T1701_BR_002_P
155,G1T1701_155_002_C5_G,G1T1701_BR_112_MP,G1T1701_BR_002_P,G1T1701_BR_112_MP__G1T1701_BR_002_P
155,G1T1701_155_002_G7_G,G1T1701_BR_112_MP,G1T1701_BR_002_P,G1T1701_BR_112_MP__G1T1701_BR_002_P
155,G1T1701_155_003_D1_G,G1T1701_BR_112_MP,G1T1701_BR_002_P,G1T1701_BR_112_MP__G1T1701_BR_002_P
155,G1T1701_155_004_C11_G,G1T1701_BR_112_MP,G1T1701_BR_002_P,G1T1701_BR_112_MP__G1T1701_BR_002_P
155,G1T1701_155_006_B12_G,G1T1701_BR_112_MP,G1T1701_BR_002_P,G1T1701_BR_112_MP__G1T1701_BR_002_P
155,G1T1701_155_007_D4_G,G1T1701_BR_112_MP,G1T1701_BR_002_P,G1T1701_BR_112_MP__G1T1701_BR_002_P
155,G1T1701_155_008_A6_G,G1T1701_BR_112_MP,G1T1701_BR_002_P,G1T1701_BR_112_MP__G1T1701_BR_002_P
155,G1T1701_155_010_A12_G,G1T1701_BR_112_MP,G1T1701_BR_002_P,G1T1701_BR_112_MP__G1T1701_BR_002_P
155,G1T1701_155_010_B3_G,G1T1701_BR_112_MP,G1T1701_BR_002_P,G1T1701_BR_112_MP__G1T1701_BR_002_P
155,G1T1701_155_009_F11_GMP,G1T1701_BR_113_MP,G1T1701_BR_262_MP,G1T1701_BR_113_MP__G1T1701_BR_262_MP
155,G1T1701_155_009_H7_MP,G1T1701_BR_113_MP,G1T1701_BR_262_MP,G1T1701_BR_113_MP__G1T1701_BR_262_MP
155,G1T1701_155_009_A7_MP,G1T1701_BR_113_MP,G1T1701_BR_262_MP,G1T1701_BR_113_MP__G1T1701_BR_262_MP
155,G1T1701_155_001_A6_G,G1T1701_BR_113_MP,G1T1701_BR_262_MP,G1T1701_BR_113_MP__G1T1701_BR_262_MP
155,G1T1701_155_001_B5_G,G1T1701_BR_113_MP,G1T1701_BR_262_MP,G1T1701_BR_113_MP__G1T1701_BR_262_MP
155,G1T1701_155_001_H6_G,G1T1701_BR_113_MP,G1T1701_BR_262_MP,G1T1701_BR_113_MP__G1T1701_BR_262_MP
155,G1T1701_155_002_B7_G,G1T1701_BR_113_MP,G1T1701_BR_262_MP,G1T1701_BR_113_MP__G1T1701_BR_262_MP
155,G1T1701_155_002_G4_G,G1T1701_BR_113_MP,G1T1701_BR_262_MP,G1T1701_BR_113_MP__G1T1701_BR_262_MP
155,G1T1701_155_003_B10_G,G1T1701_BR_113_MP,G1T1701_BR_262_MP,G1T1701_BR_113_MP__G1T1701_BR_262_MP
155,G1T1701_155_003_C11_G,G1T1701_BR_113_MP,G1T1701_BR_262_MP,G1T1701_BR_113_MP__G1T1701_BR_262_MP
155,G1T1701_155_003_E12_G,G1T1701_BR_113_MP,G1T1701_BR_262_MP,G1T1701_BR_113_MP__G1T1701_BR_262_MP
155,G1T1701_155_003_E6_G,G1T1701_BR_113_MP,G1T1701_BR_262_MP,G1T1701_BR_113_MP__G1T1701_BR_262_MP
155,G1T1701_155_004_D8_G,G1T1701_BR_113_MP,G1T1701_BR_262_MP,G1T1701_BR_113_MP__G1T1701_BR_262_MP
155,G1T1701_155_004_E7_G,G1T1701_BR_113_MP,G1T1701_BR_262_MP,G1T1701_BR_113_MP__G1T1701_BR_262_MP
155,G1T1701_155_004_H8_G,G1T1701_BR_113_MP,G1T1701_BR_262_MP,G1T1701_BR_113_MP__G1T1701_BR_262_MP
155,G1T1701_155_005_C5_G,G1T1701_BR_113_MP,G1T1701_BR_262_MP,G1T1701_BR_113_MP__G1T1701_BR_262_MP
155,G1T1701_155_005_D1_G,G1T1701_BR_113_MP,G1T1701_BR_262_MP,G1T1701_BR_113_MP__G1T1701_BR_262_MP
155,G1T1701_155_006_A4_G,G1T1701_BR_113_MP,G1T1701_BR_262_MP,G1T1701_BR_113_MP__G1T1701_BR_262_MP
155,G1T1701_155_006_B3_G,G1T1701_BR_113_MP,G1T1701_BR_262_MP,G1T1701_BR_113_MP__G1T1701_BR_262_MP
155,G1T1701_155_008_G2_G,G1T1701_BR_113_MP,G1T1701_BR_262_MP,G1T1701_BR_113_MP__G1T1701_BR_262_MP
155,G1T1701_155_008_G9_G,G1T1701_BR_113_MP,G1T1701_BR_262_MP,G1T1701_BR_113_MP__G1T1701_BR_262_MP
155,G1T1701_155_010_C10_G,G1T1701_BR_113_MP,G1T1701_BR_262_MP,G1T1701_BR_113_MP__G1T1701_BR_262_MP
155,G1T1701_155_010_H8_G,G1T1701_BR_113_MP,G1T1701_BR_262_MP,G1T1701_BR_113_MP__G1T1701_BR_262_MP
155,G1T1701_155_004_C4_G,G1T1701_BR_117_MP,G1T1701_BR_460,G1T1701_BR_117_MP__G1T1701_BR_460
155,G1T1701_155_009_H5_MP,G1T1701_BR_119_MP,G1T1701_BR_015_P,G1T1701_BR_119_MP__G1T1701_BR_015_P
155,G1T1701_155_001_B3_G,G1T1701_BR_119_MP,G1T1701_BR_015_P,G1T1701_BR_119_MP__G1T1701_BR_015_P
155,G1T1701_155_001_D3_G,G1T1701_BR_119_MP,G1T1701_BR_015_P,G1T1701_BR_119_MP__G1T1701_BR_015_P
155,G1T1701_155_002_B6_G,G1T1701_BR_119_MP,G1T1701_BR_015_P,G1T1701_BR_119_MP__G1T1701_BR_015_P
155,G1T1701_155_002_E3_G,G1T1701_BR_119_MP,G1T1701_BR_015_P,G1T1701_BR_119_MP__G1T1701_BR_015_P
155,G1T1701_155_002_F2_G,G1T1701_BR_119_MP,G1T1701_BR_015_P,G1T1701_BR_119_MP__G1T1701_BR_015_P
155,G1T1701_155_002_F9_G,G1T1701_BR_119_MP,G1T1701_BR_015_P,G1T1701_BR_119_MP__G1T1701_BR_015_P
155,G1T1701_155_004_B12_G,G1T1701_BR_119_MP,G1T1701_BR_015_P,G1T1701_BR_119_MP__G1T1701_BR_015_P
155,G1T1701_155_005_G3_G,G1T1701_BR_119_MP,G1T1701_BR_015_P,G1T1701_BR_119_MP__G1T1701_BR_015_P
155,G1T1701_155_008_E5_G,G1T1701_BR_119_MP,G1T1701_BR_015_P,G1T1701_BR_119_MP__G1T1701_BR_015_P
155,G1T1701_155_010_E8_G,G1T1701_BR_119_MP,G1T1701_BR_015_P,G1T1701_BR_119_MP__G1T1701_BR_015_P
155,G1T1701_155_009_D5_MP,G1T1701_BR_119_MP,G1T1701_BR_324_MP,G1T1701_BR_119_MP__G1T1701_BR_324_MP
155,G1T1701_155_009_E1_MP,G1T1701_BR_119_MP,G1T1701_BR_324_MP,G1T1701_BR_119_MP__G1T1701_BR_324_MP
155,G1T1701_155_009_E10_GMP,G1T1701_BR_119_MP,G1T1701_BR_324_MP,G1T1701_BR_119_MP__G1T1701_BR_324_MP
155,G1T1701_155_009_F10_GMP,G1T1701_BR_119_MP,G1T1701_BR_324_MP,G1T1701_BR_119_MP__G1T1701_BR_324_MP
155,G1T1701_155_009_H4_MP,G1T1701_BR_119_MP,G1T1701_BR_324_MP,G1T1701_BR_119_MP__G1T1701_BR_324_MP
155,G1T1701_155_001_A11_G,G1T1701_BR_119_MP,G1T1701_BR_324_MP,G1T1701_BR_119_MP__G1T1701_BR_324_MP
155,G1T1701_155_001_D10_G,G1T1701_BR_119_MP,G1T1701_BR_324_MP,G1T1701_BR_119_MP__G1T1701_BR_324_MP
155,G1T1701_155_002_A11_G,G1T1701_BR_119_MP,G1T1701_BR_324_MP,G1T1701_BR_119_MP__G1T1701_BR_324_MP
155,G1T1701_155_002_C6_G,G1T1701_BR_119_MP,G1T1701_BR_324_MP,G1T1701_BR_119_MP__G1T1701_BR_324_MP
155,G1T1701_155_002_D6_G,G1T1701_BR_119_MP,G1T1701_BR_324_MP,G1T1701_BR_119_MP__G1T1701_BR_324_MP
155,G1T1701_155_002_E11_G,G1T1701_BR_119_MP,G1T1701_BR_324_MP,G1T1701_BR_119_MP__G1T1701_BR_324_MP
155,G1T1701_155_002_H1_G,G1T1701_BR_119_MP,G1T1701_BR_324_MP,G1T1701_BR_119_MP__G1T1701_BR_324_MP
155,G1T1701_155_002_H6_G,G1T1701_BR_119_MP,G1T1701_BR_324_MP,G1T1701_BR_119_MP__G1T1701_BR_324_MP
155,G1T1701_155_002_H9_G,G1T1701_BR_119_MP,G1T1701_BR_324_MP,G1T1701_BR_119_MP__G1T1701_BR_324_MP
155,G1T1701_155_003_G1_G,G1T1701_BR_119_MP,G1T1701_BR_324_MP,G1T1701_BR_119_MP__G1T1701_BR_324_MP
155,G1T1701_155_003_G8_G,G1T1701_BR_119_MP,G1T1701_BR_324_MP,G1T1701_BR_119_MP__G1T1701_BR_324_MP
155,G1T1701_155_004_A12_G,G1T1701_BR_119_MP,G1T1701_BR_324_MP,G1T1701_BR_119_MP__G1T1701_BR_324_MP
155,G1T1701_155_005_B1_G,G1T1701_BR_119_MP,G1T1701_BR_324_MP,G1T1701_BR_119_MP__G1T1701_BR_324_MP
155,G1T1701_155_005_C1_G,G1T1701_BR_119_MP,G1T1701_BR_324_MP,G1T1701_BR_119_MP__G1T1701_BR_324_MP
155,G1T1701_155_006_F9_G,G1T1701_BR_119_MP,G1T1701_BR_324_MP,G1T1701_BR_119_MP__G1T1701_BR_324_MP
155,G1T1701_155_006_H9_G,G1T1701_BR_119_MP,G1T1701_BR_324_MP,G1T1701_BR_119_MP__G1T1701_BR_324_MP
155,G1T1701_155_007_A7_G,G1T1701_BR_119_MP,G1T1701_BR_324_MP,G1T1701_BR_119_MP__G1T1701_BR_324_MP
155,G1T1701_155_007_B9_G,G1T1701_BR_119_MP,G1T1701_BR_324_MP,G1T1701_BR_119_MP__G1T1701_BR_324_MP
155,G1T1701_155_007_E6_G,G1T1701_BR_119_MP,G1T1701_BR_324_MP,G1T1701_BR_119_MP__G1T1701_BR_324_MP
155,G1T1701_155_007_H11_G,G1T1701_BR_119_MP,G1T1701_BR_324_MP,G1T1701_BR_119_MP__G1T1701_BR_324_MP
155,G1T1701_155_008_A9_G,G1T1701_BR_119_MP,G1T1701_BR_324_MP,G1T1701_BR_119_MP__G1T1701_BR_324_MP
155,G1T1701_155_010_G9_G,G1T1701_BR_119_MP,G1T1701_BR_324_MP,G1T1701_BR_119_MP__G1T1701_BR_324_MP
155,G1T1701_155_001_A5_G,G1T1701_BR_123_MP,G1T1701_BR_251_MP,G1T1701_BR_123_MP__G1T1701_BR_251_MP
155,G1T1701_155_001_F10_G,G1T1701_BR_123_MP,G1T1701_BR_251_MP,G1T1701_BR_123_MP__G1T1701_BR_251_MP
155,G1T1701_155_002_E5_G,G1T1701_BR_123_MP,G1T1701_BR_251_MP,G1T1701_BR_123_MP__G1T1701_BR_251_MP
155,G1T1701_155_003_D3_G,G1T1701_BR_123_MP,G1T1701_BR_251_MP,G1T1701_BR_123_MP__G1T1701_BR_251_MP
155,G1T1701_155_003_E7_G,G1T1701_BR_123_MP,G1T1701_BR_251_MP,G1T1701_BR_123_MP__G1T1701_BR_251_MP
155,G1T1701_155_004_F7_G,G1T1701_BR_123_MP,G1T1701_BR_251_MP,G1T1701_BR_123_MP__G1T1701_BR_251_MP
155,G1T1701_155_005_D3_G,G1T1701_BR_123_MP,G1T1701_BR_251_MP,G1T1701_BR_123_MP__G1T1701_BR_251_MP
155,G1T1701_155_006_A1_G,G1T1701_BR_123_MP,G1T1701_BR_251_MP,G1T1701_BR_123_MP__G1T1701_BR_251_MP
155,G1T1701_155_008_C9_G,G1T1701_BR_123_MP,G1T1701_BR_251_MP,G1T1701_BR_123_MP__G1T1701_BR_251_MP
155,G1T1701_155_008_H2_G,G1T1701_BR_123_MP,G1T1701_BR_251_MP,G1T1701_BR_123_MP__G1T1701_BR_251_MP
155,G1T1701_155_001_B8_G,G1T1701_BR_123_MP,G1T1701_BR_441_MP,G1T1701_BR_123_MP__G1T1701_BR_441_MP
155,G1T1701_155_009_E12_GMP,G1T1701_BR_131_M,G1T1701_BR_262_MP,G1T1701_BR_131_M__G1T1701_BR_262_MP
155,G1T1701_155_009_F3_MP,G1T1701_BR_131_M,G1T1701_BR_262_MP,G1T1701_BR_131_M__G1T1701_BR_262_MP
155,G1T1701_155_009_H11_MP,G1T1701_BR_131_M,G1T1701_BR_262_MP,G1T1701_BR_131_M__G1T1701_BR_262_MP
155,G1T1701_155_009_A2_MP,G1T1701_BR_131_M,G1T1701_BR_262_MP,G1T1701_BR_131_M__G1T1701_BR_262_MP
155,G1T1701_155_009_A4_MP,G1T1701_BR_131_M,G1T1701_BR_262_MP,G1T1701_BR_131_M__G1T1701_BR_262_MP
155,G1T1701_155_009_A9_MP,G1T1701_BR_131_M,G1T1701_BR_262_MP,G1T1701_BR_131_M__G1T1701_BR_262_MP
155,G1T1701_155_009_B7_MP,G1T1701_BR_131_M,G1T1701_BR_262_MP,G1T1701_BR_131_M__G1T1701_BR_262_MP
155,G1T1701_155_009_C11_GMP,G1T1701_BR_131_M,G1T1701_BR_262_MP,G1T1701_BR_131_M__G1T1701_BR_262_MP
155,G1T1701_155_009_C3_MP,G1T1701_BR_131_M,G1T1701_BR_262_MP,G1T1701_BR_131_M__G1T1701_BR_262_MP
155,G1T1701_155_009_C6_MP,G1T1701_BR_131_M,G1T1701_BR_262_MP,G1T1701_BR_131_M__G1T1701_BR_262_MP
155,G1T1701_155_009_D11_GMP,G1T1701_BR_131_M,G1T1701_BR_262_MP,G1T1701_BR_131_M__G1T1701_BR_262_MP
155,G1T1701_155_001_B10_G,G1T1701_BR_131_M,G1T1701_BR_262_MP,G1T1701_BR_131_M__G1T1701_BR_262_MP
155,G1T1701_155_001_D9_G,G1T1701_BR_131_M,G1T1701_BR_262_MP,G1T1701_BR_131_M__G1T1701_BR_262_MP
155,G1T1701_155_001_E4_G,G1T1701_BR_131_M,G1T1701_BR_262_MP,G1T1701_BR_131_M__G1T1701_BR_262_MP
155,G1T1701_155_001_F9_G,G1T1701_BR_131_M,G1T1701_BR_262_MP,G1T1701_BR_131_M__G1T1701_BR_262_MP
155,G1T1701_155_001_H10_G,G1T1701_BR_131_M,G1T1701_BR_262_MP,G1T1701_BR_131_M__G1T1701_BR_262_MP
155,G1T1701_155_002_A10_G,G1T1701_BR_131_M,G1T1701_BR_262_MP,G1T1701_BR_131_M__G1T1701_BR_262_MP
155,G1T1701_155_002_A3_G,G1T1701_BR_131_M,G1T1701_BR_262_MP,G1T1701_BR_131_M__G1T1701_BR_262_MP
155,G1T1701_155_002_A8_G,G1T1701_BR_131_M,G1T1701_BR_262_MP,G1T1701_BR_131_M__G1T1701_BR_262_MP
155,G1T1701_155_002_D2_G,G1T1701_BR_131_M,G1T1701_BR_262_MP,G1T1701_BR_131_M__G1T1701_BR_262_MP
155,G1T1701_155_002_D9_G,G1T1701_BR_131_M,G1T1701_BR_262_MP,G1T1701_BR_131_M__G1T1701_BR_262_MP
155,G1T1701_155_002_E1_G,G1T1701_BR_131_M,G1T1701_BR_262_MP,G1T1701_BR_131_M__G1T1701_BR_262_MP
155,G1T1701_155_002_E12_G,G1T1701_BR_131_M,G1T1701_BR_262_MP,G1T1701_BR_131_M__G1T1701_BR_262_MP
155,G1T1701_155_002_E2_G,G1T1701_BR_131_M,G1T1701_BR_262_MP,G1T1701_BR_131_M__G1T1701_BR_262_MP
155,G1T1701_155_003_A6_G,G1T1701_BR_131_M,G1T1701_BR_262_MP,G1T1701_BR_131_M__G1T1701_BR_262_MP
155,G1T1701_155_003_A9_G,G1T1701_BR_131_M,G1T1701_BR_262_MP,G1T1701_BR_131_M__G1T1701_BR_262_MP
155,G1T1701_155_003_B9_G,G1T1701_BR_131_M,G1T1701_BR_262_MP,G1T1701_BR_131_M__G1T1701_BR_262_MP
155,G1T1701_155_003_C7_G,G1T1701_BR_131_M,G1T1701_BR_262_MP,G1T1701_BR_131_M__G1T1701_BR_262_MP
155,G1T1701_155_003_D11_G,G1T1701_BR_131_M,G1T1701_BR_262_MP,G1T1701_BR_131_M__G1T1701_BR_262_MP
155,G1T1701_155_003_F6_G,G1T1701_BR_131_M,G1T1701_BR_262_MP,G1T1701_BR_131_M__G1T1701_BR_262_MP
155,G1T1701_155_003_G10_G,G1T1701_BR_131_M,G1T1701_BR_262_MP,G1T1701_BR_131_M__G1T1701_BR_262_MP
155,G1T1701_155_003_H2_G,G1T1701_BR_131_M,G1T1701_BR_262_MP,G1T1701_BR_131_M__G1T1701_BR_262_MP
155,G1T1701_155_003_H9_G,G1T1701_BR_131_M,G1T1701_BR_262_MP,G1T1701_BR_131_M__G1T1701_BR_262_MP
155,G1T1701_155_004_A11_G,G1T1701_BR_131_M,G1T1701_BR_262_MP,G1T1701_BR_131_M__G1T1701_BR_262_MP
155,G1T1701_155_004_B4_G,G1T1701_BR_131_M,G1T1701_BR_262_MP,G1T1701_BR_131_M__G1T1701_BR_262_MP
155,G1T1701_155_004_D4_G,G1T1701_BR_131_M,G1T1701_BR_262_MP,G1T1701_BR_131_M__G1T1701_BR_262_MP
155,G1T1701_155_004_D7_G,G1T1701_BR_131_M,G1T1701_BR_262_MP,G1T1701_BR_131_M__G1T1701_BR_262_MP
155,G1T1701_155_004_F12_G,G1T1701_BR_131_M,G1T1701_BR_262_MP,G1T1701_BR_131_M__G1T1701_BR_262_MP
155,G1T1701_155_004_G3_G,G1T1701_BR_131_M,G1T1701_BR_262_MP,G1T1701_BR_131_M__G1T1701_BR_262_MP
155,G1T1701_155_005_A5_G,G1T1701_BR_131_M,G1T1701_BR_262_MP,G1T1701_BR_131_M__G1T1701_BR_262_MP
155,G1T1701_155_005_A8_G,G1T1701_BR_131_M,G1T1701_BR_262_MP,G1T1701_BR_131_M__G1T1701_BR_262_MP
155,G1T1701_155_005_B5_G,G1T1701_BR_131_M,G1T1701_BR_262_MP,G1T1701_BR_131_M__G1T1701_BR_262_MP
155,G1T1701_155_005_C6_G,G1T1701_BR_131_M,G1T1701_BR_262_MP,G1T1701_BR_131_M__G1T1701_BR_262_MP
155,G1T1701_155_005_F10_G,G1T1701_BR_131_M,G1T1701_BR_262_MP,G1T1701_BR_131_M__G1T1701_BR_262_MP
155,G1T1701_155_005_H2_G,G1T1701_BR_131_M,G1T1701_BR_262_MP,G1T1701_BR_131_M__G1T1701_BR_262_MP
155,G1T1701_155_005_H8_G,G1T1701_BR_131_M,G1T1701_BR_262_MP,G1T1701_BR_131_M__G1T1701_BR_262_MP
155,G1T1701_155_006_A12_G,G1T1701_BR_131_M,G1T1701_BR_262_MP,G1T1701_BR_131_M__G1T1701_BR_262_MP
155,G1T1701_155_006_D11_G,G1T1701_BR_131_M,G1T1701_BR_262_MP,G1T1701_BR_131_M__G1T1701_BR_262_MP
155,G1T1701_155_006_D6_G,G1T1701_BR_131_M,G1T1701_BR_262_MP,G1T1701_BR_131_M__G1T1701_BR_262_MP
155,G1T1701_155_006_G4_G,G1T1701_BR_131_M,G1T1701_BR_262_MP,G1T1701_BR_131_M__G1T1701_BR_262_MP
155,G1T1701_155_007_C2_G,G1T1701_BR_131_M,G1T1701_BR_262_MP,G1T1701_BR_131_M__G1T1701_BR_262_MP
155,G1T1701_155_007_E11_G,G1T1701_BR_131_M,G1T1701_BR_262_MP,G1T1701_BR_131_M__G1T1701_BR_262_MP
155,G1T1701_155_007_F5_G,G1T1701_BR_131_M,G1T1701_BR_262_MP,G1T1701_BR_131_M__G1T1701_BR_262_MP
155,G1T1701_155_008_A8_G,G1T1701_BR_131_M,G1T1701_BR_262_MP,G1T1701_BR_131_M__G1T1701_BR_262_MP
155,G1T1701_155_008_B2_G,G1T1701_BR_131_M,G1T1701_BR_262_MP,G1T1701_BR_131_M__G1T1701_BR_262_MP
155,G1T1701_155_008_B3_G,G1T1701_BR_131_M,G1T1701_BR_262_MP,G1T1701_BR_131_M__G1T1701_BR_262_MP
155,G1T1701_155_008_B5_G,G1T1701_BR_131_M,G1T1701_BR_262_MP,G1T1701_BR_131_M__G1T1701_BR_262_MP
155,G1T1701_155_008_D8_G,G1T1701_BR_131_M,G1T1701_BR_262_MP,G1T1701_BR_131_M__G1T1701_BR_262_MP
155,G1T1701_155_008_E6_G,G1T1701_BR_131_M,G1T1701_BR_262_MP,G1T1701_BR_131_M__G1T1701_BR_262_MP
155,G1T1701_155_008_E8_G,G1T1701_BR_131_M,G1T1701_BR_262_MP,G1T1701_BR_131_M__G1T1701_BR_262_MP
155,G1T1701_155_008_G5_G,G1T1701_BR_131_M,G1T1701_BR_262_MP,G1T1701_BR_131_M__G1T1701_BR_262_MP
155,G1T1701_155_010_A10_G,G1T1701_BR_131_M,G1T1701_BR_262_MP,G1T1701_BR_131_M__G1T1701_BR_262_MP
155,G1T1701_155_010_A5_G,G1T1701_BR_131_M,G1T1701_BR_262_MP,G1T1701_BR_131_M__G1T1701_BR_262_MP
155,G1T1701_155_010_B11_G,G1T1701_BR_131_M,G1T1701_BR_262_MP,G1T1701_BR_131_M__G1T1701_BR_262_MP
155,G1T1701_155_010_D10_G,G1T1701_BR_131_M,G1T1701_BR_262_MP,G1T1701_BR_131_M__G1T1701_BR_262_MP
155,G1T1701_155_010_D11_G,G1T1701_BR_131_M,G1T1701_BR_262_MP,G1T1701_BR_131_M__G1T1701_BR_262_MP
155,G1T1701_155_010_D2_G,G1T1701_BR_131_M,G1T1701_BR_262_MP,G1T1701_BR_131_M__G1T1701_BR_262_MP
155,G1T1701_155_010_E3_G,G1T1701_BR_131_M,G1T1701_BR_262_MP,G1T1701_BR_131_M__G1T1701_BR_262_MP
155,G1T1701_155_010_E5_G,G1T1701_BR_131_M,G1T1701_BR_262_MP,G1T1701_BR_131_M__G1T1701_BR_262_MP
155,G1T1701_155_010_F1_G,G1T1701_BR_131_M,G1T1701_BR_262_MP,G1T1701_BR_131_M__G1T1701_BR_262_MP
155,G1T1701_155_010_F9_G,G1T1701_BR_131_M,G1T1701_BR_262_MP,G1T1701_BR_131_M__G1T1701_BR_262_MP
155,G1T1701_155_010_H2_G,G1T1701_BR_131_M,G1T1701_BR_262_MP,G1T1701_BR_131_M__G1T1701_BR_262_MP
155,G1T1701_155_009_B8_MP,G1T1701_BR_134_MP,G1T1701_BR_444_MP,G1T1701_BR_134_MP__G1T1701_BR_444_MP
155,G1T1701_155_001_D6_G,G1T1701_BR_134_MP,G1T1701_BR_444_MP,G1T1701_BR_134_MP__G1T1701_BR_444_MP
155,G1T1701_155_002_C7_G,G1T1701_BR_134_MP,G1T1701_BR_444_MP,G1T1701_BR_134_MP__G1T1701_BR_444_MP
155,G1T1701_155_003_B1_G,G1T1701_BR_134_MP,G1T1701_BR_444_MP,G1T1701_BR_134_MP__G1T1701_BR_444_MP
155,G1T1701_155_003_B6_G,G1T1701_BR_134_MP,G1T1701_BR_444_MP,G1T1701_BR_134_MP__G1T1701_BR_444_MP
155,G1T1701_155_003_E10_G,G1T1701_BR_134_MP,G1T1701_BR_444_MP,G1T1701_BR_134_MP__G1T1701_BR_444_MP
155,G1T1701_155_004_A1_G,G1T1701_BR_134_MP,G1T1701_BR_444_MP,G1T1701_BR_134_MP__G1T1701_BR_444_MP
155,G1T1701_155_005_F5_G,G1T1701_BR_134_MP,G1T1701_BR_444_MP,G1T1701_BR_134_MP__G1T1701_BR_444_MP
155,G1T1701_155_005_G2_G,G1T1701_BR_134_MP,G1T1701_BR_444_MP,G1T1701_BR_134_MP__G1T1701_BR_444_MP
155,G1T1701_155_006_D2_G,G1T1701_BR_134_MP,G1T1701_BR_444_MP,G1T1701_BR_134_MP__G1T1701_BR_444_MP
155,G1T1701_155_006_F12_G,G1T1701_BR_134_MP,G1T1701_BR_444_MP,G1T1701_BR_134_MP__G1T1701_BR_444_MP
155,G1T1701_155_007_D2_G,G1T1701_BR_134_MP,G1T1701_BR_444_MP,G1T1701_BR_134_MP__G1T1701_BR_444_MP
155,G1T1701_155_007_D6_G,G1T1701_BR_134_MP,G1T1701_BR_444_MP,G1T1701_BR_134_MP__G1T1701_BR_444_MP
155,G1T1701_155_007_G6_G,G1T1701_BR_134_MP,G1T1701_BR_444_MP,G1T1701_BR_134_MP__G1T1701_BR_444_MP
155,G1T1701_155_009_H3_MP,G1T1701_BR_139_MP,G1T1701_BR_042_P,G1T1701_BR_139_MP__G1T1701_BR_042_P
155,G1T1701_155_009_C10_GMP,G1T1701_BR_139_MP,G1T1701_BR_042_P,G1T1701_BR_139_MP__G1T1701_BR_042_P
155,G1T1701_155_001_B9_G,G1T1701_BR_139_MP,G1T1701_BR_042_P,G1T1701_BR_139_MP__G1T1701_BR_042_P
155,G1T1701_155_003_D12_G,G1T1701_BR_139_MP,G1T1701_BR_042_P,G1T1701_BR_139_MP__G1T1701_BR_042_P
155,G1T1701_155_004_A5_G,G1T1701_BR_139_MP,G1T1701_BR_042_P,G1T1701_BR_139_MP__G1T1701_BR_042_P
155,G1T1701_155_004_F2_G,G1T1701_BR_139_MP,G1T1701_BR_042_P,G1T1701_BR_139_MP__G1T1701_BR_042_P
155,G1T1701_155_005_B2_G,G1T1701_BR_139_MP,G1T1701_BR_042_P,G1T1701_BR_139_MP__G1T1701_BR_042_P
155,G1T1701_155_005_D4_G,G1T1701_BR_139_MP,G1T1701_BR_042_P,G1T1701_BR_139_MP__G1T1701_BR_042_P
155,G1T1701_155_005_D7_G,G1T1701_BR_139_MP,G1T1701_BR_042_P,G1T1701_BR_139_MP__G1T1701_BR_042_P
155,G1T1701_155_005_F4_G,G1T1701_BR_139_MP,G1T1701_BR_042_P,G1T1701_BR_139_MP__G1T1701_BR_042_P
155,G1T1701_155_005_G1_G,G1T1701_BR_139_MP,G1T1701_BR_042_P,G1T1701_BR_139_MP__G1T1701_BR_042_P
155,G1T1701_155_005_G10_G,G1T1701_BR_139_MP,G1T1701_BR_042_P,G1T1701_BR_139_MP__G1T1701_BR_042_P
155,G1T1701_155_006_B1_G,G1T1701_BR_139_MP,G1T1701_BR_042_P,G1T1701_BR_139_MP__G1T1701_BR_042_P
155,G1T1701_155_006_B10_G,G1T1701_BR_139_MP,G1T1701_BR_042_P,G1T1701_BR_139_MP__G1T1701_BR_042_P
155,G1T1701_155_006_C6_G,G1T1701_BR_139_MP,G1T1701_BR_042_P,G1T1701_BR_139_MP__G1T1701_BR_042_P
155,G1T1701_155_006_E4_G,G1T1701_BR_139_MP,G1T1701_BR_042_P,G1T1701_BR_139_MP__G1T1701_BR_042_P
155,G1T1701_155_006_H4_G,G1T1701_BR_139_MP,G1T1701_BR_042_P,G1T1701_BR_139_MP__G1T1701_BR_042_P
155,G1T1701_155_006_H7_G,G1T1701_BR_139_MP,G1T1701_BR_042_P,G1T1701_BR_139_MP__G1T1701_BR_042_P
155,G1T1701_155_007_C9_G,G1T1701_BR_139_MP,G1T1701_BR_042_P,G1T1701_BR_139_MP__G1T1701_BR_042_P
155,G1T1701_155_007_E12_G,G1T1701_BR_139_MP,G1T1701_BR_042_P,G1T1701_BR_139_MP__G1T1701_BR_042_P
155,G1T1701_155_007_G11_G,G1T1701_BR_139_MP,G1T1701_BR_042_P,G1T1701_BR_139_MP__G1T1701_BR_042_P
155,G1T1701_155_007_G3_G,G1T1701_BR_139_MP,G1T1701_BR_042_P,G1T1701_BR_139_MP__G1T1701_BR_042_P
155,G1T1701_155_008_A1_G,G1T1701_BR_139_MP,G1T1701_BR_042_P,G1T1701_BR_139_MP__G1T1701_BR_042_P
155,G1T1701_155_010_C6_G,G1T1701_BR_139_MP,G1T1701_BR_042_P,G1T1701_BR_139_MP__G1T1701_BR_042_P
155,G1T1701_155_010_H5_G,G1T1701_BR_139_MP,G1T1701_BR_042_P,G1T1701_BR_139_MP__G1T1701_BR_042_P
155,G1T1701_155_006_B2_G,G1T1701_BR_159_MP,G1T1701_BR_010_P,G1T1701_BR_159_MP__G1T1701_BR_010_P
155,G1T1701_155_009_C4_MP,G1T1701_BR_159_MP,G1T1701_BR_444_MP,G1T1701_BR_159_MP__G1T1701_BR_444_MP
155,G1T1701_155_001_A10_G,G1T1701_BR_159_MP,G1T1701_BR_444_MP,G1T1701_BR_159_MP__G1T1701_BR_444_MP
155,G1T1701_155_001_A8_G,G1T1701_BR_159_MP,G1T1701_BR_444_MP,G1T1701_BR_159_MP__G1T1701_BR_444_MP
155,G1T1701_155_001_C4_G,G1T1701_BR_159_MP,G1T1701_BR_444_MP,G1T1701_BR_159_MP__G1T1701_BR_444_MP
155,G1T1701_155_005_C9_G,G1T1701_BR_159_MP,G1T1701_BR_444_MP,G1T1701_BR_159_MP__G1T1701_BR_444_MP
155,G1T1701_155_006_E5_G,G1T1701_BR_159_MP,G1T1701_BR_444_MP,G1T1701_BR_159_MP__G1T1701_BR_444_MP
155,G1T1701_155_010_C12_G,G1T1701_BR_159_MP,G1T1701_BR_444_MP,G1T1701_BR_159_MP__G1T1701_BR_444_MP
155,G1T1701_155_005_E4_G,G1T1701_BR_163_MP,G1T1701_BR_278_MP,G1T1701_BR_163_MP__G1T1701_BR_278_MP
155,G1T1701_155_009_F9_MP,G1T1701_BR_166_MP,G1T1701_BR_263_MP,G1T1701_BR_166_MP__G1T1701_BR_263_MP
155,G1T1701_155_009_B3_MP,G1T1701_BR_166_MP,G1T1701_BR_263_MP,G1T1701_BR_166_MP__G1T1701_BR_263_MP
155,G1T1701_155_009_C12_GMP,G1T1701_BR_166_MP,G1T1701_BR_263_MP,G1T1701_BR_166_MP__G1T1701_BR_263_MP
155,G1T1701_155_001_B11_G,G1T1701_BR_166_MP,G1T1701_BR_263_MP,G1T1701_BR_166_MP__G1T1701_BR_263_MP
155,G1T1701_155_001_C12_G,G1T1701_BR_166_MP,G1T1701_BR_263_MP,G1T1701_BR_166_MP__G1T1701_BR_263_MP
155,G1T1701_155_001_D4_G,G1T1701_BR_166_MP,G1T1701_BR_263_MP,G1T1701_BR_166_MP__G1T1701_BR_263_MP
155,G1T1701_155_001_F11_G,G1T1701_BR_166_MP,G1T1701_BR_263_MP,G1T1701_BR_166_MP__G1T1701_BR_263_MP
155,G1T1701_155_001_F5_G,G1T1701_BR_166_MP,G1T1701_BR_263_MP,G1T1701_BR_166_MP__G1T1701_BR_263_MP
155,G1T1701_155_001_G3_G,G1T1701_BR_166_MP,G1T1701_BR_263_MP,G1T1701_BR_166_MP__G1T1701_BR_263_MP
155,G1T1701_155_001_G8_G,G1T1701_BR_166_MP,G1T1701_BR_263_MP,G1T1701_BR_166_MP__G1T1701_BR_263_MP
155,G1T1701_155_002_A4_G,G1T1701_BR_166_MP,G1T1701_BR_263_MP,G1T1701_BR_166_MP__G1T1701_BR_263_MP
155,G1T1701_155_002_B8_G,G1T1701_BR_166_MP,G1T1701_BR_263_MP,G1T1701_BR_166_MP__G1T1701_BR_263_MP
155,G1T1701_155_003_B5_G,G1T1701_BR_166_MP,G1T1701_BR_263_MP,G1T1701_BR_166_MP__G1T1701_BR_263_MP
155,G1T1701_155_003_E2_G,G1T1701_BR_166_MP,G1T1701_BR_263_MP,G1T1701_BR_166_MP__G1T1701_BR_263_MP
155,G1T1701_155_003_F2_G,G1T1701_BR_166_MP,G1T1701_BR_263_MP,G1T1701_BR_166_MP__G1T1701_BR_263_MP
155,G1T1701_155_003_H3_G,G1T1701_BR_166_MP,G1T1701_BR_263_MP,G1T1701_BR_166_MP__G1T1701_BR_263_MP
155,G1T1701_155_003_H7_G,G1T1701_BR_166_MP,G1T1701_BR_263_MP,G1T1701_BR_166_MP__G1T1701_BR_263_MP
155,G1T1701_155_004_C5_G,G1T1701_BR_166_MP,G1T1701_BR_263_MP,G1T1701_BR_166_MP__G1T1701_BR_263_MP
155,G1T1701_155_004_D1_G,G1T1701_BR_166_MP,G1T1701_BR_263_MP,G1T1701_BR_166_MP__G1T1701_BR_263_MP
155,G1T1701_155_005_D10_G,G1T1701_BR_166_MP,G1T1701_BR_263_MP,G1T1701_BR_166_MP__G1T1701_BR_263_MP
155,G1T1701_155_005_H5_G,G1T1701_BR_166_MP,G1T1701_BR_263_MP,G1T1701_BR_166_MP__G1T1701_BR_263_MP
155,G1T1701_155_006_C10_G,G1T1701_BR_166_MP,G1T1701_BR_263_MP,G1T1701_BR_166_MP__G1T1701_BR_263_MP
155,G1T1701_155_006_C2_G,G1T1701_BR_166_MP,G1T1701_BR_263_MP,G1T1701_BR_166_MP__G1T1701_BR_263_MP
155,G1T1701_155_006_D12_G,G1T1701_BR_166_MP,G1T1701_BR_263_MP,G1T1701_BR_166_MP__G1T1701_BR_263_MP
155,G1T1701_155_006_D9_G,G1T1701_BR_166_MP,G1T1701_BR_263_MP,G1T1701_BR_166_MP__G1T1701_BR_263_MP
155,G1T1701_155_006_E9_G,G1T1701_BR_166_MP,G1T1701_BR_263_MP,G1T1701_BR_166_MP__G1T1701_BR_263_MP
155,G1T1701_155_006_F5_G,G1T1701_BR_166_MP,G1T1701_BR_263_MP,G1T1701_BR_166_MP__G1T1701_BR_263_MP
155,G1T1701_155_007_C5_G,G1T1701_BR_166_MP,G1T1701_BR_263_MP,G1T1701_BR_166_MP__G1T1701_BR_263_MP
155,G1T1701_155_007_D7_G,G1T1701_BR_166_MP,G1T1701_BR_263_MP,G1T1701_BR_166_MP__G1T1701_BR_263_MP
155,G1T1701_155_007_H5_G,G1T1701_BR_166_MP,G1T1701_BR_263_MP,G1T1701_BR_166_MP__G1T1701_BR_263_MP
155,G1T1701_155_008_G8_G,G1T1701_BR_166_MP,G1T1701_BR_263_MP,G1T1701_BR_166_MP__G1T1701_BR_263_MP
155,G1T1701_155_008_H11_G,G1T1701_BR_166_MP,G1T1701_BR_263_MP,G1T1701_BR_166_MP__G1T1701_BR_263_MP
155,G1T1701_155_010_A3_G,G1T1701_BR_166_MP,G1T1701_BR_263_MP,G1T1701_BR_166_MP__G1T1701_BR_263_MP
155,G1T1701_155_010_G4_G,G1T1701_BR_166_MP,G1T1701_BR_263_MP,G1T1701_BR_166_MP__G1T1701_BR_263_MP
155,G1T1701_155_010_G8_G,G1T1701_BR_166_MP,G1T1701_BR_263_MP,G1T1701_BR_166_MP__G1T1701_BR_263_MP
155,G1T1701_155_009_E3_MP,G1T1701_BR_182_MP,G1T1701_BR_023_P,G1T1701_BR_182_MP__G1T1701_BR_023_P
155,G1T1701_155_009_F6_MP,G1T1701_BR_182_MP,G1T1701_BR_023_P,G1T1701_BR_182_MP__G1T1701_BR_023_P
155,G1T1701_155_001_B6_G,G1T1701_BR_182_MP,G1T1701_BR_023_P,G1T1701_BR_182_MP__G1T1701_BR_023_P
155,G1T1701_155_001_B7_G,G1T1701_BR_182_MP,G1T1701_BR_023_P,G1T1701_BR_182_MP__G1T1701_BR_023_P
155,G1T1701_155_001_C10_G,G1T1701_BR_182_MP,G1T1701_BR_023_P,G1T1701_BR_182_MP__G1T1701_BR_023_P
155,G1T1701_155_001_E9_G,G1T1701_BR_182_MP,G1T1701_BR_023_P,G1T1701_BR_182_MP__G1T1701_BR_023_P
155,G1T1701_155_001_F4_G,G1T1701_BR_182_MP,G1T1701_BR_023_P,G1T1701_BR_182_MP__G1T1701_BR_023_P
155,G1T1701_155_002_D10_G,G1T1701_BR_182_MP,G1T1701_BR_023_P,G1T1701_BR_182_MP__G1T1701_BR_023_P
155,G1T1701_155_002_F3_G,G1T1701_BR_182_MP,G1T1701_BR_023_P,G1T1701_BR_182_MP__G1T1701_BR_023_P
155,G1T1701_155_003_G11_G,G1T1701_BR_182_MP,G1T1701_BR_023_P,G1T1701_BR_182_MP__G1T1701_BR_023_P
155,G1T1701_155_003_G9_G,G1T1701_BR_182_MP,G1T1701_BR_023_P,G1T1701_BR_182_MP__G1T1701_BR_023_P
155,G1T1701_155_003_H11_G,G1T1701_BR_182_MP,G1T1701_BR_023_P,G1T1701_BR_182_MP__G1T1701_BR_023_P
155,G1T1701_155_005_B6_G,G1T1701_BR_182_MP,G1T1701_BR_023_P,G1T1701_BR_182_MP__G1T1701_BR_023_P
155,G1T1701_155_005_D8_G,G1T1701_BR_182_MP,G1T1701_BR_023_P,G1T1701_BR_182_MP__G1T1701_BR_023_P
155,G1T1701_155_005_G5_G,G1T1701_BR_182_MP,G1T1701_BR_023_P,G1T1701_BR_182_MP__G1T1701_BR_023_P
155,G1T1701_155_006_B7_G,G1T1701_BR_182_MP,G1T1701_BR_023_P,G1T1701_BR_182_MP__G1T1701_BR_023_P
155,G1T1701_155_006_E11_G,G1T1701_BR_182_MP,G1T1701_BR_023_P,G1T1701_BR_182_MP__G1T1701_BR_023_P
155,G1T1701_155_006_E2_G,G1T1701_BR_182_MP,G1T1701_BR_023_P,G1T1701_BR_182_MP__G1T1701_BR_023_P
155,G1T1701_155_006_G11_G,G1T1701_BR_182_MP,G1T1701_BR_023_P,G1T1701_BR_182_MP__G1T1701_BR_023_P
155,G1T1701_155_006_G9_G,G1T1701_BR_182_MP,G1T1701_BR_023_P,G1T1701_BR_182_MP__G1T1701_BR_023_P
155,G1T1701_155_007_F2_G,G1T1701_BR_182_MP,G1T1701_BR_023_P,G1T1701_BR_182_MP__G1T1701_BR_023_P
155,G1T1701_155_007_F7_G,G1T1701_BR_182_MP,G1T1701_BR_023_P,G1T1701_BR_182_MP__G1T1701_BR_023_P
155,G1T1701_155_008_B12_G,G1T1701_BR_182_MP,G1T1701_BR_023_P,G1T1701_BR_182_MP__G1T1701_BR_023_P
155,G1T1701_155_008_B8_G,G1T1701_BR_182_MP,G1T1701_BR_023_P,G1T1701_BR_182_MP__G1T1701_BR_023_P
155,G1T1701_155_010_E2_G,G1T1701_BR_182_MP,G1T1701_BR_023_P,G1T1701_BR_182_MP__G1T1701_BR_023_P
155,G1T1701_155_010_E6_G,G1T1701_BR_182_MP,G1T1701_BR_023_P,G1T1701_BR_182_MP__G1T1701_BR_023_P
155,G1T1701_155_010_E9_G,G1T1701_BR_182_MP,G1T1701_BR_023_P,G1T1701_BR_182_MP__G1T1701_BR_023_P
155,G1T1701_155_010_H3_G,G1T1701_BR_182_MP,G1T1701_BR_023_P,G1T1701_BR_182_MP__G1T1701_BR_023_P
155,G1T1701_155_009_E7_MP,G1T1701_BR_182_MP,G1T1701_BR_024_P,G1T1701_BR_182_MP__G1T1701_BR_024_P
155,G1T1701_155_009_G2_MP,G1T1701_BR_182_MP,G1T1701_BR_024_P,G1T1701_BR_182_MP__G1T1701_BR_024_P
155,G1T1701_155_009_A6_MP,G1T1701_BR_182_MP,G1T1701_BR_024_P,G1T1701_BR_182_MP__G1T1701_BR_024_P
155,G1T1701_155_001_A4_G,G1T1701_BR_182_MP,G1T1701_BR_024_P,G1T1701_BR_182_MP__G1T1701_BR_024_P
155,G1T1701_155_001_B4_G,G1T1701_BR_182_MP,G1T1701_BR_024_P,G1T1701_BR_182_MP__G1T1701_BR_024_P
155,G1T1701_155_001_E8_G,G1T1701_BR_182_MP,G1T1701_BR_024_P,G1T1701_BR_182_MP__G1T1701_BR_024_P
155,G1T1701_155_001_G5_G,G1T1701_BR_182_MP,G1T1701_BR_024_P,G1T1701_BR_182_MP__G1T1701_BR_024_P
155,G1T1701_155_001_G7_G,G1T1701_BR_182_MP,G1T1701_BR_024_P,G1T1701_BR_182_MP__G1T1701_BR_024_P
155,G1T1701_155_002_D5_G,G1T1701_BR_182_MP,G1T1701_BR_024_P,G1T1701_BR_182_MP__G1T1701_BR_024_P
155,G1T1701_155_003_A10_G,G1T1701_BR_182_MP,G1T1701_BR_024_P,G1T1701_BR_182_MP__G1T1701_BR_024_P
155,G1T1701_155_003_A11_G,G1T1701_BR_182_MP,G1T1701_BR_024_P,G1T1701_BR_182_MP__G1T1701_BR_024_P
155,G1T1701_155_003_A4_G,G1T1701_BR_182_MP,G1T1701_BR_024_P,G1T1701_BR_182_MP__G1T1701_BR_024_P
155,G1T1701_155_003_E9_G,G1T1701_BR_182_MP,G1T1701_BR_024_P,G1T1701_BR_182_MP__G1T1701_BR_024_P
155,G1T1701_155_004_F9_G,G1T1701_BR_182_MP,G1T1701_BR_024_P,G1T1701_BR_182_MP__G1T1701_BR_024_P
155,G1T1701_155_004_G11_G,G1T1701_BR_182_MP,G1T1701_BR_024_P,G1T1701_BR_182_MP__G1T1701_BR_024_P
155,G1T1701_155_005_B11_G,G1T1701_BR_182_MP,G1T1701_BR_024_P,G1T1701_BR_182_MP__G1T1701_BR_024_P
155,G1T1701_155_005_G8_G,G1T1701_BR_182_MP,G1T1701_BR_024_P,G1T1701_BR_182_MP__G1T1701_BR_024_P
155,G1T1701_155_005_H10_G,G1T1701_BR_182_MP,G1T1701_BR_024_P,G1T1701_BR_182_MP__G1T1701_BR_024_P
155,G1T1701_155_005_H9_G,G1T1701_BR_182_MP,G1T1701_BR_024_P,G1T1701_BR_182_MP__G1T1701_BR_024_P
155,G1T1701_155_006_D3_G,G1T1701_BR_182_MP,G1T1701_BR_024_P,G1T1701_BR_182_MP__G1T1701_BR_024_P
155,G1T1701_155_006_F2_G,G1T1701_BR_182_MP,G1T1701_BR_024_P,G1T1701_BR_182_MP__G1T1701_BR_024_P
155,G1T1701_155_006_H1_G,G1T1701_BR_182_MP,G1T1701_BR_024_P,G1T1701_BR_182_MP__G1T1701_BR_024_P
155,G1T1701_155_007_B3_G,G1T1701_BR_182_MP,G1T1701_BR_024_P,G1T1701_BR_182_MP__G1T1701_BR_024_P
155,G1T1701_155_007_E1_G,G1T1701_BR_182_MP,G1T1701_BR_024_P,G1T1701_BR_182_MP__G1T1701_BR_024_P
155,G1T1701_155_007_E5_G,G1T1701_BR_182_MP,G1T1701_BR_024_P,G1T1701_BR_182_MP__G1T1701_BR_024_P
155,G1T1701_155_008_A5_G,G1T1701_BR_182_MP,G1T1701_BR_024_P,G1T1701_BR_182_MP__G1T1701_BR_024_P
155,G1T1701_155_008_E11_G,G1T1701_BR_182_MP,G1T1701_BR_024_P,G1T1701_BR_182_MP__G1T1701_BR_024_P
155,G1T1701_155_008_F8_G,G1T1701_BR_182_MP,G1T1701_BR_024_P,G1T1701_BR_182_MP__G1T1701_BR_024_P
155,G1T1701_155_010_G1_G,G1T1701_BR_182_MP,G1T1701_BR_024_P,G1T1701_BR_182_MP__G1T1701_BR_024_P
155,G1T1701_155_010_H11_G,G1T1701_BR_182_MP,G1T1701_BR_024_P,G1T1701_BR_182_MP__G1T1701_BR_024_P
155,G1T1701_155_002_F8_G,G1T1701_BR_211_MP,G1T1701_BR_372_MP,G1T1701_BR_211_MP__G1T1701_BR_372_MP
155,G1T1701_155_003_F4_G,G1T1701_BR_211_MP,G1T1701_BR_372_MP,G1T1701_BR_211_MP__G1T1701_BR_372_MP
155,G1T1701_155_006_A2_G,G1T1701_BR_211_MP,G1T1701_BR_372_MP,G1T1701_BR_211_MP__G1T1701_BR_372_MP
155,G1T1701_155_008_D12_G,G1T1701_BR_211_MP,G1T1701_BR_372_MP,G1T1701_BR_211_MP__G1T1701_BR_372_MP
155,G1T1701_155_010_B9_G,G1T1701_BR_211_MP,G1T1701_BR_372_MP,G1T1701_BR_211_MP__G1T1701_BR_372_MP
155,G1T1701_155_003_D7_G,G1T1701_BR_211_MP,G1T1701_BR_428_MP,G1T1701_BR_211_MP__G1T1701_BR_428_MP
155,G1T1701_155_004_D12_G,G1T1701_BR_211_MP,G1T1701_BR_428_MP,G1T1701_BR_211_MP__G1T1701_BR_428_MP
155,G1T1701_155_004_E12_G,G1T1701_BR_211_MP,G1T1701_BR_428_MP,G1T1701_BR_211_MP__G1T1701_BR_428_MP
155,G1T1701_155_005_E11_G,G1T1701_BR_211_MP,G1T1701_BR_428_MP,G1T1701_BR_211_MP__G1T1701_BR_428_MP
155,G1T1701_155_007_D1_G,G1T1701_BR_211_MP,G1T1701_BR_428_MP,G1T1701_BR_211_MP__G1T1701_BR_428_MP
155,G1T1701_155_008_A10_G,G1T1701_BR_211_MP,G1T1701_BR_428_MP,G1T1701_BR_211_MP__G1T1701_BR_428_MP
155,G1T1701_155_010_E4_G,G1T1701_BR_211_MP,G1T1701_BR_428_MP,G1T1701_BR_211_MP__G1T1701_BR_428_MP
155,G1T1701_155_009_G7_MP,G1T1701_BR_360_MP,G1T1701_BR_318_MP,G1T1701_BR_360_MP__G1T1701_BR_318_MP
155,G1T1701_155_009_H8_MP,G1T1701_BR_360_MP,G1T1701_BR_318_MP,G1T1701_BR_360_MP__G1T1701_BR_318_MP
155,G1T1701_155_009_C2_MP,G1T1701_BR_360_MP,G1T1701_BR_318_MP,G1T1701_BR_360_MP__G1T1701_BR_318_MP
155,G1T1701_155_009_D12_GMP,G1T1701_BR_360_MP,G1T1701_BR_318_MP,G1T1701_BR_360_MP__G1T1701_BR_318_MP
155,G1T1701_155_001_D5_G,G1T1701_BR_360_MP,G1T1701_BR_318_MP,G1T1701_BR_360_MP__G1T1701_BR_318_MP
155,G1T1701_155_001_E10_G,G1T1701_BR_360_MP,G1T1701_BR_318_MP,G1T1701_BR_360_MP__G1T1701_BR_318_MP
155,G1T1701_155_001_E2_G,G1T1701_BR_360_MP,G1T1701_BR_318_MP,G1T1701_BR_360_MP__G1T1701_BR_318_MP
155,G1T1701_155_001_F1_G,G1T1701_BR_360_MP,G1T1701_BR_318_MP,G1T1701_BR_360_MP__G1T1701_BR_318_MP
155,G1T1701_155_001_G6_G,G1T1701_BR_360_MP,G1T1701_BR_318_MP,G1T1701_BR_360_MP__G1T1701_BR_318_MP
155,G1T1701_155_002_B11_G,G1T1701_BR_360_MP,G1T1701_BR_318_MP,G1T1701_BR_360_MP__G1T1701_BR_318_MP
155,G1T1701_155_002_C4_G,G1T1701_BR_360_MP,G1T1701_BR_318_MP,G1T1701_BR_360_MP__G1T1701_BR_318_MP
155,G1T1701_155_002_E9_G,G1T1701_BR_360_MP,G1T1701_BR_318_MP,G1T1701_BR_360_MP__G1T1701_BR_318_MP
155,G1T1701_155_002_G8_G,G1T1701_BR_360_MP,G1T1701_BR_318_MP,G1T1701_BR_360_MP__G1T1701_BR_318_MP
155,G1T1701_155_003_E8_G,G1T1701_BR_360_MP,G1T1701_BR_318_MP,G1T1701_BR_360_MP__G1T1701_BR_318_MP
155,G1T1701_155_003_F3_G,G1T1701_BR_360_MP,G1T1701_BR_318_MP,G1T1701_BR_360_MP__G1T1701_BR_318_MP
155,G1T1701_155_003_G3_G,G1T1701_BR_360_MP,G1T1701_BR_318_MP,G1T1701_BR_360_MP__G1T1701_BR_318_MP
155,G1T1701_155_004_B8_G,G1T1701_BR_360_MP,G1T1701_BR_318_MP,G1T1701_BR_360_MP__G1T1701_BR_318_MP
155,G1T1701_155_004_D11_G,G1T1701_BR_360_MP,G1T1701_BR_318_MP,G1T1701_BR_360_MP__G1T1701_BR_318_MP
155,G1T1701_155_004_E10_G,G1T1701_BR_360_MP,G1T1701_BR_318_MP,G1T1701_BR_360_MP__G1T1701_BR_318_MP
155,G1T1701_155_004_E5_G,G1T1701_BR_360_MP,G1T1701_BR_318_MP,G1T1701_BR_360_MP__G1T1701_BR_318_MP
155,G1T1701_155_004_H11_G,G1T1701_BR_360_MP,G1T1701_BR_318_MP,G1T1701_BR_360_MP__G1T1701_BR_318_MP
155,G1T1701_155_004_H2_G,G1T1701_BR_360_MP,G1T1701_BR_318_MP,G1T1701_BR_360_MP__G1T1701_BR_318_MP
155,G1T1701_155_005_E1_G,G1T1701_BR_360_MP,G1T1701_BR_318_MP,G1T1701_BR_360_MP__G1T1701_BR_318_MP
155,G1T1701_155_005_E3_G,G1T1701_BR_360_MP,G1T1701_BR_318_MP,G1T1701_BR_360_MP__G1T1701_BR_318_MP
155,G1T1701_155_005_E6_G,G1T1701_BR_360_MP,G1T1701_BR_318_MP,G1T1701_BR_360_MP__G1T1701_BR_318_MP
155,G1T1701_155_005_F1_G,G1T1701_BR_360_MP,G1T1701_BR_318_MP,G1T1701_BR_360_MP__G1T1701_BR_318_MP
155,G1T1701_155_005_G4_G,G1T1701_BR_360_MP,G1T1701_BR_318_MP,G1T1701_BR_360_MP__G1T1701_BR_318_MP
155,G1T1701_155_005_H3_G,G1T1701_BR_360_MP,G1T1701_BR_318_MP,G1T1701_BR_360_MP__G1T1701_BR_318_MP
155,G1T1701_155_006_B6_G,G1T1701_BR_360_MP,G1T1701_BR_318_MP,G1T1701_BR_360_MP__G1T1701_BR_318_MP
155,G1T1701_155_006_E3_G,G1T1701_BR_360_MP,G1T1701_BR_318_MP,G1T1701_BR_360_MP__G1T1701_BR_318_MP
155,G1T1701_155_006_E7_G,G1T1701_BR_360_MP,G1T1701_BR_318_MP,G1T1701_BR_360_MP__G1T1701_BR_318_MP
155,G1T1701_155_006_F7_G,G1T1701_BR_360_MP,G1T1701_BR_318_MP,G1T1701_BR_360_MP__G1T1701_BR_318_MP
155,G1T1701_155_007_A1_G,G1T1701_BR_360_MP,G1T1701_BR_318_MP,G1T1701_BR_360_MP__G1T1701_BR_318_MP
155,G1T1701_155_007_A12_G,G1T1701_BR_360_MP,G1T1701_BR_318_MP,G1T1701_BR_360_MP__G1T1701_BR_318_MP
155,G1T1701_155_007_D5_G,G1T1701_BR_360_MP,G1T1701_BR_318_MP,G1T1701_BR_360_MP__G1T1701_BR_318_MP
155,G1T1701_155_007_F1_G,G1T1701_BR_360_MP,G1T1701_BR_318_MP,G1T1701_BR_360_MP__G1T1701_BR_318_MP
155,G1T1701_155_008_C11_G,G1T1701_BR_360_MP,G1T1701_BR_318_MP,G1T1701_BR_360_MP__G1T1701_BR_318_MP
155,G1T1701_155_008_D7_G,G1T1701_BR_360_MP,G1T1701_BR_318_MP,G1T1701_BR_360_MP__G1T1701_BR_318_MP
155,G1T1701_155_008_G1_G,G1T1701_BR_360_MP,G1T1701_BR_318_MP,G1T1701_BR_360_MP__G1T1701_BR_318_MP
155,G1T1701_155_010_A9_G,G1T1701_BR_360_MP,G1T1701_BR_318_MP,G1T1701_BR_360_MP__G1T1701_BR_318_MP
155,G1T1701_155_010_C2_G,G1T1701_BR_360_MP,G1T1701_BR_318_MP,G1T1701_BR_360_MP__G1T1701_BR_318_MP
155,G1T1701_155_010_D12_G,G1T1701_BR_360_MP,G1T1701_BR_318_MP,G1T1701_BR_360_MP__G1T1701_BR_318_MP
155,G1T1701_155_010_E10_G,G1T1701_BR_360_MP,G1T1701_BR_318_MP,G1T1701_BR_360_MP__G1T1701_BR_318_MP
155,G1T1701_155_010_F12_G,G1T1701_BR_360_MP,G1T1701_BR_318_MP,G1T1701_BR_360_MP__G1T1701_BR_318_MP
155,G1T1701_155_010_H7_G,G1T1701_BR_360_MP,G1T1701_BR_318_MP,G1T1701_BR_360_MP__G1T1701_BR_318_MP
155,G1T1701_155_009_E11_GMP,G1T1701_BR_401_MP,G1T1701_BR_025_P,G1T1701_BR_401_MP__G1T1701_BR_025_P
155,G1T1701_155_001_B1_G,G1T1701_BR_401_MP,G1T1701_BR_025_P,G1T1701_BR_401_MP__G1T1701_BR_025_P
155,G1T1701_155_001_E3_G,G1T1701_BR_401_MP,G1T1701_BR_025_P,G1T1701_BR_401_MP__G1T1701_BR_025_P
155,G1T1701_155_001_G11_G,G1T1701_BR_401_MP,G1T1701_BR_025_P,G1T1701_BR_401_MP__G1T1701_BR_025_P
155,G1T1701_155_002_D11_G,G1T1701_BR_401_MP,G1T1701_BR_025_P,G1T1701_BR_401_MP__G1T1701_BR_025_P
155,G1T1701_155_002_E8_G,G1T1701_BR_401_MP,G1T1701_BR_025_P,G1T1701_BR_401_MP__G1T1701_BR_025_P
155,G1T1701_155_003_A5_G,G1T1701_BR_401_MP,G1T1701_BR_025_P,G1T1701_BR_401_MP__G1T1701_BR_025_P
155,G1T1701_155_003_A7_G,G1T1701_BR_401_MP,G1T1701_BR_025_P,G1T1701_BR_401_MP__G1T1701_BR_025_P
155,G1T1701_155_003_A8_G,G1T1701_BR_401_MP,G1T1701_BR_025_P,G1T1701_BR_401_MP__G1T1701_BR_025_P
155,G1T1701_155_005_A10_G,G1T1701_BR_401_MP,G1T1701_BR_025_P,G1T1701_BR_401_MP__G1T1701_BR_025_P
155,G1T1701_155_005_B8_G,G1T1701_BR_401_MP,G1T1701_BR_025_P,G1T1701_BR_401_MP__G1T1701_BR_025_P
155,G1T1701_155_006_B4_G,G1T1701_BR_401_MP,G1T1701_BR_025_P,G1T1701_BR_401_MP__G1T1701_BR_025_P
155,G1T1701_155_006_E1_G,G1T1701_BR_401_MP,G1T1701_BR_025_P,G1T1701_BR_401_MP__G1T1701_BR_025_P
155,G1T1701_155_006_F6_G,G1T1701_BR_401_MP,G1T1701_BR_025_P,G1T1701_BR_401_MP__G1T1701_BR_025_P
155,G1T1701_155_007_D11_G,G1T1701_BR_401_MP,G1T1701_BR_025_P,G1T1701_BR_401_MP__G1T1701_BR_025_P
155,G1T1701_155_008_B11_G,G1T1701_BR_401_MP,G1T1701_BR_025_P,G1T1701_BR_401_MP__G1T1701_BR_025_P
155,G1T1701_155_008_C10_G,G1T1701_BR_401_MP,G1T1701_BR_025_P,G1T1701_BR_401_MP__G1T1701_BR_025_P
155,G1T1701_155_008_E9_G,G1T1701_BR_401_MP,G1T1701_BR_025_P,G1T1701_BR_401_MP__G1T1701_BR_025_P
155,G1T1701_155_008_G3_G,G1T1701_BR_401_MP,G1T1701_BR_025_P,G1T1701_BR_401_MP__G1T1701_BR_025_P
155,G1T1701_155_010_B5_G,G1T1701_BR_401_MP,G1T1701_BR_025_P,G1T1701_BR_401_MP__G1T1701_BR_025_P
155,G1T1701_155_010_D7_G,G1T1701_BR_401_MP,G1T1701_BR_025_P,G1T1701_BR_401_MP__G1T1701_BR_025_P
155,G1T1701_155_010_E11_G,G1T1701_BR_401_MP,G1T1701_BR_025_P,G1T1701_BR_401_MP__G1T1701_BR_025_P
155,G1T1701_155_010_G7_G,G1T1701_BR_401_MP,G1T1701_BR_025_P,G1T1701_BR_401_MP__G1T1701_BR_025_P
155,G1T1701_155_009_D8_MP,G1T1701_BR_401_MP,G1T1701_BR_450_MP,G1T1701_BR_401_MP__G1T1701_BR_450_MP
155,G1T1701_155_009_B2_MP,G1T1701_BR_401_MP,G1T1701_BR_450_MP,G1T1701_BR_401_MP__G1T1701_BR_450_MP
155,G1T1701_155_002_D1_G,G1T1701_BR_401_MP,G1T1701_BR_450_MP,G1T1701_BR_401_MP__G1T1701_BR_450_MP
155,G1T1701_155_003_C5_G,G1T1701_BR_401_MP,G1T1701_BR_450_MP,G1T1701_BR_401_MP__G1T1701_BR_450_MP
155,G1T1701_155_004_D5_G,G1T1701_BR_401_MP,G1T1701_BR_450_MP,G1T1701_BR_401_MP__G1T1701_BR_450_MP
155,G1T1701_155_004_H5_G,G1T1701_BR_401_MP,G1T1701_BR_450_MP,G1T1701_BR_401_MP__G1T1701_BR_450_MP
155,G1T1701_155_006_G5_G,G1T1701_BR_401_MP,G1T1701_BR_450_MP,G1T1701_BR_401_MP__G1T1701_BR_450_MP
155,G1T1701_155_010_F4_G,G1T1701_BR_401_MP,G1T1701_BR_450_MP,G1T1701_BR_401_MP__G1T1701_BR_450_MP
155,G1T1701_155_003_B8_G,G1T1701_BR_461_P,G1T1701_BR_041_P,G1T1701_BR_461_P__G1T1701_BR_041_P
155,G1T1701_155_005_E12_G,G1T1701_BR_461_P,G1T1701_BR_041_P,G1T1701_BR_461_P__G1T1701_BR_041_P
155,G1T1701_155_005_F3_G,G1T1701_BR_461_P,G1T1701_BR_041_P,G1T1701_BR_461_P__G1T1701_BR_041_P
155,G1T1701_155_006_H10_G,G1T1701_BR_461_P,G1T1701_BR_041_P,G1T1701_BR_461_P__G1T1701_BR_041_P
155,G1T1701_155_007_G7_G,G1T1701_BR_461_P,G1T1701_BR_041_P,G1T1701_BR_461_P__G1T1701_BR_041_P
155,G1T1701_155_004_C12_G,#7,G1T1701_BR_008_P,#7__G1T1701_BR_008_P
155,G1T1701_155_005_G6_G,#7,G1T1701_BR_008_P,#7__G1T1701_BR_008_P
155,G1T1701_155_008_F12_G,#7,G1T1701_BR_008_P,#7__G1T1701_BR_008_P
155,G1T1701_155_002_F10_G,#7,G1T1701_BR_008_P,#7__G1T1701_BR_008_P
155,G1T1701_155_003_C12_G,#7,G1T1701_BR_008_P,#7__G1T1701_BR_008_P
155,G1T1701_155_005_E7_G,#7,G1T1701_BR_008_P,#7__G1T1701_BR_008_P
155,G1T1701_155_005_H7_G,#26,G1T1701_BR_256_GMP,#26__G1T1701_BR_256_GMP
155,G1T1701_155_006_C5_G,#13,G1T1701_BR_272_MP,#13__G1T1701_BR_272_MP
155,G1T1701_155_003_B2_G,#50,G1T1701_BR_283_MP,#50__G1T1701_BR_283_MP
155,G1T1701_155_010_H1_G,#54,G1T1701_BR_327_MP,#54__G1T1701_BR_327_MP
155,G1T1701_155_007_H8_G,#14,G1T1701_BR_445_MP,#14__G1T1701_BR_445_MP
155,G1T1701_155_008_H5_G,G1T1701_BR_211_MP,S_20,G1T1701_BR_211_MP__S_20
155,G1T1701_155_005_D12_G,G1T1701_BR_222_M,G1T1701_BR_363_MP,G1T1701_BR_222_M__G1T1701_BR_363_MP
155,G1T1701_155_005_E10_G,G1T1701_BR_222_M,G1T1701_BR_363_MP,G1T1701_BR_222_M__G1T1701_BR_363_MP
155,G1T1701_155_004_B1_G,G1T1701_BR_239_MP,S_1,G1T1701_BR_239_MP__S_1
155,G1T1701_155_004_F4_G,G1T1701_BR_239_MP,S_1,G1T1701_BR_239_MP__S_1
155,G1T1701_155_005_A2_G,G1T1701_BR_239_MP,S_1,G1T1701_BR_239_MP__S_1
155,G1T1701_155_005_D11_G,G1T1701_BR_239_MP,S_1,G1T1701_BR_239_MP__S_1
155,G1T1701_155_002_H8_G,G1T1701_BR_360_MP,S_43,G1T1701_BR_360_MP__S_43
155,G1T1701_155_004_A2_G,G1T1701_BR_360_MP,S_25,G1T1701_BR_360_MP__S_25
155,G1T1701_155_006_A8_G,G1T1701_BR_360_MP,S_43,G1T1701_BR_360_MP__S_43
155,G1T1701_155_008_E1_G,G1T1701_BR_360_MP,S_43,G1T1701_BR_360_MP__S_43
155,G1T1701_155_005_A6_G,G1T1701_BR_386_MP,S_63,G1T1701_BR_386_MP__S_63
155,G1T1701_155_003_E5_G,G1T1701_BR_053_GP,G1T1701_BR_444_MP,G1T1701_BR_053_GP__G1T1701_BR_444_MP
155,G1T1701_155_008_G10_G,G1T1701_BR_048_P,S_15,G1T1701_BR_048_P__S_15
155,G1T1701_155_007_A8_G,G1T1701_BR_048_P,S_18,G1T1701_BR_048_P__S_18
155,G1T1701_155_003_C10_G,G1T1701_BR_098_MP,S_5,G1T1701_BR_098_MP__S_5
155,G1T1701_155_003_F12_G,G1T1701_BR_103_MP,S_176,G1T1701_BR_103_MP__S_176
155,G1T1701_155_001_B12_G,G1T1701_BR_113_MP,S_57,G1T1701_BR_113_MP__S_57
155,G1T1701_155_001_G1_G,G1T1701_BR_113_MP,S_57,G1T1701_BR_113_MP__S_57
155,G1T1701_155_002_B2_G,G1T1701_BR_113_MP,S_57,G1T1701_BR_113_MP__S_57
155,G1T1701_155_002_D4_G,G1T1701_BR_113_MP,S_57,G1T1701_BR_113_MP__S_57
155,G1T1701_155_006_E10_G,G1T1701_BR_113_MP,S_57,G1T1701_BR_113_MP__S_57
155,G1T1701_155_010_H9_G,G1T1701_BR_113_MP,S_57,G1T1701_BR_113_MP__S_57
155,G1T1701_155_001_D12_G,G1T1701_BR_113_MP,S_57,G1T1701_BR_113_MP__S_57
155,G1T1701_155_006_C11_G,G1T1701_BR_113_MP,S_57,G1T1701_BR_113_MP__S_57
155,G1T1701_155_001_E5_G,G1T1701_BR_131_M,S_61,G1T1701_BR_131_M__S_61
155,G1T1701_155_002_C2_G,G1T1701_BR_131_M,S_61,G1T1701_BR_131_M__S_61
155,G1T1701_155_002_G10_G,G1T1701_BR_131_M,S_61,G1T1701_BR_131_M__S_61
155,G1T1701_155_003_C8_G,G1T1701_BR_131_M,S_61,G1T1701_BR_131_M__S_61
155,G1T1701_155_004_B5_G,G1T1701_BR_131_M,S_150,G1T1701_BR_131_M__S_150
155,G1T1701_155_004_B6_G,G1T1701_BR_131_M,S_61,G1T1701_BR_131_M__S_61
155,G1T1701_155_005_E9_G,G1T1701_BR_131_M,S_61,G1T1701_BR_131_M__S_61
155,G1T1701_155_005_F9_G,G1T1701_BR_131_M,S_61,G1T1701_BR_131_M__S_61
155,G1T1701_155_005_H11_G,G1T1701_BR_131_M,S_61,G1T1701_BR_131_M__S_61
155,G1T1701_155_006_C1_G,G1T1701_BR_131_M,S_61,G1T1701_BR_131_M__S_61
155,G1T1701_155_006_H11_G,G1T1701_BR_131_M,S_61,G1T1701_BR_131_M__S_61
155,G1T1701_155_007_F6_G,G1T1701_BR_131_M,S_61,G1T1701_BR_131_M__S_61
155,G1T1701_155_008_F5_G,G1T1701_BR_131_M,S_61,G1T1701_BR_131_M__S_61
155,G1T1701_155_008_F6_G,G1T1701_BR_131_M,S_150,G1T1701_BR_131_M__S_150
155,G1T1701_155_009_C7_MP,G1T1701_BR_131_M,S_61,G1T1701_BR_131_M__S_61
155,G1T1701_155_004_B9_G,G1T1701_BR_131_M,S_61,G1T1701_BR_131_M__S_61
155,G1T1701_155_004_B2_G,G1T1701_BR_131_M,S_61,G1T1701_BR_131_M__S_61
155,G1T1701_155_006_H3_G,G1T1701_BR_134_MP,S_159,G1T1701_BR_134_MP__S_159
155,G1T1701_155_001_A1_G,G1T1701_BR_159_MP,S_78,G1T1701_BR_159_MP__S_78
155,G1T1701_155_002_F5_G,G1T1701_BR_159_MP,S_78,G1T1701_BR_159_MP__S_78
155,G1T1701_155_003_F10_G,G1T1701_BR_159_MP,S_78,G1T1701_BR_159_MP__S_78
155,G1T1701_155_005_C4_G,G1T1701_BR_159_MP,S_78,G1T1701_BR_159_MP__S_78
155,G1T1701_155_006_G3_G,G1T1701_BR_159_MP,S_78,G1T1701_BR_159_MP__S_78
155,G1T1701_155_006_H5_G,G1T1701_BR_159_MP,S_78,G1T1701_BR_159_MP__S_78
155,G1T1701_155_004_A8_G,G1T1701_BR_163_MP,S_79,G1T1701_BR_163_MP__S_79
155,G1T1701_155_010_E12_G,G1T1701_BR_163_MP,S_79,G1T1701_BR_163_MP__S_79
155,G1T1701_155_003_H10_G,G1T1701_BR_166_MP,S_118,G1T1701_BR_166_MP__S_118
155,G1T1701_155_002_A9_G,G1T1701_BR_171_M,S_51,G1T1701_BR_171_M__S_51
155,G1T1701_155_003_B3_G,G1T1701_BR_171_M,S_51,G1T1701_BR_171_M__S_51
155,G1T1701_155_003_B7_G,G1T1701_BR_171_M,S_51,G1T1701_BR_171_M__S_51
155,G1T1701_155_004_B11_G,G1T1701_BR_171_M,S_51,G1T1701_BR_171_M__S_51
155,G1T1701_155_004_D10_G,G1T1701_BR_171_M,S_51,G1T1701_BR_171_M__S_51
155,G1T1701_155_006_E12_G,G1T1701_BR_171_M,S_51,G1T1701_BR_171_M__S_51
155,G1T1701_155_007_B7_G,G1T1701_BR_171_M,S_51,G1T1701_BR_171_M__S_51
155,G1T1701_155_007_C7_G,G1T1701_BR_171_M,S_51,G1T1701_BR_171_M__S_51
155,G1T1701_155_010_C4_G,G1T1701_BR_171_M,S_51,G1T1701_BR_171_M__S_51
155,G1T1701_155_010_F7_G,G1T1701_BR_171_M,S_51,G1T1701_BR_171_M__S_51
155,G1T1701_155_002_D8_G,G1T1701_BR_171_M,S_51,G1T1701_BR_171_M__S_51
155,G1T1701_155_003_D10_G,G1T1701_BR_171_M,S_51,G1T1701_BR_171_M__S_51
155,G1T1701_155_003_F9_G,G1T1701_BR_171_M,S_51,G1T1701_BR_171_M__S_51
155,G1T1701_155_005_B4_G,G1T1701_BR_171_M,S_51,G1T1701_BR_171_M__S_51
155,G1T1701_155_007_C8_G,G1T1701_BR_182_MP,S_147,G1T1701_BR_182_MP__S_147
155,G1T1701_155_009_G5_MP,G1T1701_BR_211_MP,S_20,G1T1701_BR_211_MP__S_20
155,G1T1701_155_009_B9_MP,G1T1701_BR_211_MP,S_20,G1T1701_BR_211_MP__S_20
155,G1T1701_155_001_F7_G,G1T1701_BR_211_MP,S_20,G1T1701_BR_211_MP__S_20
155,G1T1701_155_001_G10_G,G1T1701_BR_211_MP,S_20,G1T1701_BR_211_MP__S_20
155,G1T1701_155_003_C2_G,G1T1701_BR_211_MP,S_20,G1T1701_BR_211_MP__S_20
155,G1T1701_155_003_D4_G,G1T1701_BR_211_MP,S_20,G1T1701_BR_211_MP__S_20
155,G1T1701_155_003_E1_G,G1T1701_BR_211_MP,S_20,G1T1701_BR_211_MP__S_20
155,G1T1701_155_004_A4_G,G1T1701_BR_211_MP,S_20,G1T1701_BR_211_MP__S_20
155,G1T1701_155_004_D6_G,G1T1701_BR_211_MP,S_20,G1T1701_BR_211_MP__S_20
155,G1T1701_155_004_E4_G,G1T1701_BR_211_MP,S_20,G1T1701_BR_211_MP__S_20
155,G1T1701_155_006_C9_G,G1T1701_BR_211_MP,S_20,G1T1701_BR_211_MP__S_20
155,G1T1701_155_007_A6_G,G1T1701_BR_211_MP,S_20,G1T1701_BR_211_MP__S_20
155,G1T1701_155_007_E7_G,G1T1701_BR_211_MP,S_20,G1T1701_BR_211_MP__S_20
155,G1T1701_155_007_F8_G,G1T1701_BR_211_MP,S_20,G1T1701_BR_211_MP__S_20
155,G1T1701_155_008_A11_G,G1T1701_BR_211_MP,S_20,G1T1701_BR_211_MP__S_20
155,G1T1701_155_008_E7_G,G1T1701_BR_211_MP,S_20,G1T1701_BR_211_MP__S_20
155,G1T1701_155_009_A8_MP,G1T1701_BR_211_MP,S_20,G1T1701_BR_211_MP__S_20
155,G1T1701_155_001_F6_G,G1T1701_BR_211_MP,S_20,G1T1701_BR_211_MP__S_20
155,G1T1701_155_001_F8_G,G1T1701_BR_211_MP,S_20,G1T1701_BR_211_MP__S_20
155,G1T1701_155_003_C6_G,G1T1701_BR_211_MP,S_20,G1T1701_BR_211_MP__S_20
155,G1T1701_155_005_A12_G,G1T1701_BR_211_MP,S_20,G1T1701_BR_211_MP__S_20
155,G1T1701_155_006_G6_G,G1T1701_BR_211_MP,S_20,G1T1701_BR_211_MP__S_20
155,G1T1701_155_007_D3_G,G1T1701_BR_211_MP,S_20,G1T1701_BR_211_MP__S_20
155,G1T1701_155_007_G4_G,G1T1701_BR_211_MP,S_20,G1T1701_BR_211_MP__S_20
155,G1T1701_155_010_F10_G,G1T1701_BR_211_MP,S_20,G1T1701_BR_211_MP__S_20
155,G1T1701_155_004_A3_G,G1T1701_BR_231_M,S_36,G1T1701_BR_231_M__S_36
155,G1T1701_155_005_B9_G,G1T1701_BR_231_M,S_36,G1T1701_BR_231_M__S_36
155,G1T1701_155_010_C7_G,G1T1701_BR_231_M,S_36,G1T1701_BR_231_M__S_36
155,G1T1701_155_002_A6_G,G1T1701_BR_231_M,S_36,G1T1701_BR_231_M__S_36
155,G1T1701_155_010_A1_G,G1T1701_BR_231_M,S_66,G1T1701_BR_231_M__S_66
155,G1T1701_155_001_E12_G,G1T1701_BR_239_MP,S_1,G1T1701_BR_239_MP__S_1
155,G1T1701_155_004_F1_G,G1T1701_BR_239_MP,S_1,G1T1701_BR_239_MP__S_1
155,G1T1701_155_006_C8_G,G1T1701_BR_239_MP,S_1,G1T1701_BR_239_MP__S_1
155,G1T1701_155_007_G8_G,G1T1701_BR_239_MP,S_1,G1T1701_BR_239_MP__S_1
155,G1T1701_155_010_F3_G,G1T1701_BR_239_MP,S_1,G1T1701_BR_239_MP__S_1
155,G1T1701_155_009_E9_MP,G1T1701_BR_239_MP,S_1,G1T1701_BR_239_MP__S_1
155,G1T1701_155_009_B11_GMP,G1T1701_BR_239_MP,S_1,G1T1701_BR_239_MP__S_1
155,G1T1701_155_005_A11_G,G1T1701_BR_239_MP,S_1,G1T1701_BR_239_MP__S_1
155,G1T1701_155_007_B10_G,G1T1701_BR_239_MP,S_1,G1T1701_BR_239_MP__S_1
155,G1T1701_155_008_F4_G,G1T1701_BR_239_MP,S_1,G1T1701_BR_239_MP__S_1
155,G1T1701_155_008_G6_G,G1T1701_BR_239_MP,S_1,G1T1701_BR_239_MP__S_1
155,G1T1701_155_010_C9_G,G1T1701_BR_239_MP,S_1,G1T1701_BR_239_MP__S_1
155,G1T1701_155_010_G6_G,G1T1701_BR_239_MP,S_1,G1T1701_BR_239_MP__S_1
155,G1T1701_155_010_H6_G,G1T1701_BR_292_MP,S_115,G1T1701_BR_292_MP__S_115
155,G1T1701_155_009_C1_MP,G1T1701_BR_292_MP,S_115,G1T1701_BR_292_MP__S_115
155,G1T1701_155_009_G1_MP,G1T1701_BR_360_MP,S_25,G1T1701_BR_360_MP__S_25
155,G1T1701_155_009_D1_MP,G1T1701_BR_360_MP,S_179,G1T1701_BR_360_MP__S_179
155,G1T1701_155_001_C8_G,G1T1701_BR_360_MP,S_25,G1T1701_BR_360_MP__S_25
155,G1T1701_155_001_D1_G,G1T1701_BR_360_MP,S_43,G1T1701_BR_360_MP__S_43
155,G1T1701_155_001_D2_G,G1T1701_BR_360_MP,S_43,G1T1701_BR_360_MP__S_43
155,G1T1701_155_001_G4_G,G1T1701_BR_360_MP,S_25,G1T1701_BR_360_MP__S_25
155,G1T1701_155_002_H10_G,G1T1701_BR_360_MP,S_43,G1T1701_BR_360_MP__S_43
155,G1T1701_155_003_A2_G,G1T1701_BR_360_MP,S_43,G1T1701_BR_360_MP__S_43
155,G1T1701_155_003_C1_G,G1T1701_BR_360_MP,S_43,G1T1701_BR_360_MP__S_43
155,G1T1701_155_003_D6_G,G1T1701_BR_360_MP,S_43,G1T1701_BR_360_MP__S_43
155,G1T1701_155_003_D9_G,G1T1701_BR_360_MP,S_43,G1T1701_BR_360_MP__S_43
155,G1T1701_155_003_E4_G,G1T1701_BR_360_MP,S_43,G1T1701_BR_360_MP__S_43
155,G1T1701_155_003_G4_G,G1T1701_BR_360_MP,S_43,G1T1701_BR_360_MP__S_43
155,G1T1701_155_003_G5_G,G1T1701_BR_360_MP,S_43,G1T1701_BR_360_MP__S_43
155,G1T1701_155_004_A10_G,G1T1701_BR_360_MP,S_43,G1T1701_BR_360_MP__S_43
155,G1T1701_155_004_B7_G,G1T1701_BR_360_MP,S_43,G1T1701_BR_360_MP__S_43
155,G1T1701_155_004_C9_G,G1T1701_BR_360_MP,S_25,G1T1701_BR_360_MP__S_25
155,G1T1701_155_004_F8_G,G1T1701_BR_360_MP,S_43,G1T1701_BR_360_MP__S_43
155,G1T1701_155_004_G2_G,G1T1701_BR_360_MP,S_25,G1T1701_BR_360_MP__S_25
155,G1T1701_155_004_G4_G,G1T1701_BR_360_MP,S_43,G1T1701_BR_360_MP__S_43
155,G1T1701_155_005_C11_G,G1T1701_BR_360_MP,S_25,G1T1701_BR_360_MP__S_25
155,G1T1701_155_005_D6_G,G1T1701_BR_360_MP,S_43,G1T1701_BR_360_MP__S_43
155,G1T1701_155_005_H6_G,G1T1701_BR_360_MP,S_43,G1T1701_BR_360_MP__S_43
155,G1T1701_155_006_A3_G,G1T1701_BR_360_MP,S_43,G1T1701_BR_360_MP__S_43
155,G1T1701_155_006_D7_G,G1T1701_BR_360_MP,S_25,G1T1701_BR_360_MP__S_25
155,G1T1701_155_006_F4_G,G1T1701_BR_360_MP,S_43,G1T1701_BR_360_MP__S_43
155,G1T1701_155_007_B5_G,G1T1701_BR_360_MP,S_25,G1T1701_BR_360_MP__S_25
155,G1T1701_155_007_E2_G,G1T1701_BR_360_MP,S_43,G1T1701_BR_360_MP__S_43
155,G1T1701_155_007_E3_G,G1T1701_BR_360_MP,S_43,G1T1701_BR_360_MP__S_43
155,G1T1701_155_007_E4_G,G1T1701_BR_360_MP,S_43,G1T1701_BR_360_MP__S_43
155,G1T1701_155_007_H1_G,G1T1701_BR_360_MP,S_43,G1T1701_BR_360_MP__S_43
155,G1T1701_155_007_H9_G,G1T1701_BR_360_MP,S_25,G1T1701_BR_360_MP__S_25
155,G1T1701_155_008_A2_G,G1T1701_BR_360_MP,S_25,G1T1701_BR_360_MP__S_25
155,G1T1701_155_008_H8_G,G1T1701_BR_360_MP,S_43,G1T1701_BR_360_MP__S_43
155,G1T1701_155_010_A6_G,G1T1701_BR_360_MP,S_25,G1T1701_BR_360_MP__S_25
155,G1T1701_155_010_A8_G,G1T1701_BR_360_MP,S_25,G1T1701_BR_360_MP__S_25
155,G1T1701_155_010_D4_G,G1T1701_BR_360_MP,S_43,G1T1701_BR_360_MP__S_43
155,G1T1701_155_010_G10_G,G1T1701_BR_360_MP,S_25,G1T1701_BR_360_MP__S_25
155,G1T1701_155_001_D11_G,G1T1701_BR_360_MP,S_25,G1T1701_BR_360_MP__S_25
155,G1T1701_155_003_G2_G,G1T1701_BR_360_MP,S_25,G1T1701_BR_360_MP__S_25
155,G1T1701_155_003_H1_G,G1T1701_BR_360_MP,S_179,G1T1701_BR_360_MP__S_179
155,G1T1701_155_007_B8_G,G1T1701_BR_360_MP,S_51,G1T1701_BR_360_MP__S_51
155,G1T1701_155_008_D1_G,G1T1701_BR_360_MP,S_25,G1T1701_BR_360_MP__S_25
155,G1T1701_155_009_H10_MP,G1T1701_BR_386_MP,S_63,G1T1701_BR_386_MP__S_63
155,G1T1701_155_001_F2_G,G1T1701_BR_386_MP,S_63,G1T1701_BR_386_MP__S_63
155,G1T1701_155_003_D8_G,G1T1701_BR_386_MP,S_63,G1T1701_BR_386_MP__S_63
155,G1T1701_155_005_A7_G,G1T1701_BR_386_MP,S_63,G1T1701_BR_386_MP__S_63
155,G1T1701_155_005_E2_G,G1T1701_BR_386_MP,S_63,G1T1701_BR_386_MP__S_63
155,G1T1701_155_010_E1_G,G1T1701_BR_386_MP,S_63,G1T1701_BR_386_MP__S_63
155,G1T1701_155_009_F8_MP,#13,G1T1701_BR_272_MP,#13__G1T1701_BR_272_MP
155,G1T1701_155_009_B6_MP,#13,G1T1701_BR_272_MP,#13__G1T1701_BR_272_MP
155,G1T1701_155_001_E11_G,#13,G1T1701_BR_272_MP,#13__G1T1701_BR_272_MP
155,G1T1701_155_001_G2_G,#13,G1T1701_BR_272_MP,#13__G1T1701_BR_272_MP
155,G1T1701_155_001_H1_G,#13,G1T1701_BR_272_MP,#13__G1T1701_BR_272_MP
155,G1T1701_155_002_B5_G,#13,G1T1701_BR_272_MP,#13__G1T1701_BR_272_MP
155,G1T1701_155_002_E7_G,#13,G1T1701_BR_272_MP,#13__G1T1701_BR_272_MP
155,G1T1701_155_003_B4_G,#13,G1T1701_BR_272_MP,#13__G1T1701_BR_272_MP
155,G1T1701_155_005_C2_G,#13,G1T1701_BR_272_MP,#13__G1T1701_BR_272_MP
155,G1T1701_155_007_G9_G,#13,G1T1701_BR_272_MP,#13__G1T1701_BR_272_MP
155,G1T1701_155_006_B5_G,#26,G1T1701_BR_256_GMP,#26__G1T1701_BR_256_GMP
155,G1T1701_155_007_C3_G,#14,G1T1701_BR_445_MP,#14__G1T1701_BR_445_MP
155,G1T1701_155_009_A11_GMP,#7,G1T1701_BR_008_P,#7__G1T1701_BR_008_P
155,G1T1701_155_004_G9_G,#7,G1T1701_BR_008_P,#7__G1T1701_BR_008_P
155,G1T1701_155_008_C6_G,#13,G1T1701_BR_272_MP,#13__G1T1701_BR_272_MP
155,G1T1701_155_007_C12_G,#50,G1T1701_BR_283_MP,#50__G1T1701_BR_283_MP
155,G1T1701_155_005_E5_G,#7,G1T1701_BR_008_P,#7__G1T1701_BR_008_P
155,G1T1701_155_004_E8_G,#14,G1T1701_BR_445_MP,#14__G1T1701_BR_445_MP
155,G1T1701_155_004_A7_G,#13,G1T1701_BR_272_MP,#13__G1T1701_BR_272_MP
155,G1T1701_155_004_G5_G,#98,G1T1701_BR_272_MP,#98__G1T1701_BR_272_MP
155,G1T1701_155_006_F3_G,#13,G1T1701_BR_272_MP,#13__G1T1701_BR_272_MP
155,G1T1701_155_008_F10_G,#100,G1T1701_BR_272_MP,#100__G1T1701_BR_272_MP
155,G1T1701_155_004_G1_G,#14,G1T1701_BR_445_MP,#14__G1T1701_BR_445_MP
155,G1T1701_155_002_H7_G,#84,G1T1701_BR_003_P,#84__G1T1701_BR_003_P
155,G1T1701_155_002_A5_G,#7,G1T1701_BR_008_P,#7__G1T1701_BR_008_P
155,G1T1701_155_002_C11_G,#7,G1T1701_BR_008_P,#7__G1T1701_BR_008_P
155,G1T1701_155_002_F7_G,#7,G1T1701_BR_008_P,#7__G1T1701_BR_008_P
155,G1T1701_155_002_G6_G,#7,G1T1701_BR_008_P,#7__G1T1701_BR_008_P
155,G1T1701_155_004_C3_G,#7,G1T1701_BR_008_P,#7__G1T1701_BR_008_P
155,G1T1701_155_005_A3_G,#7,G1T1701_BR_008_P,#7__G1T1701_BR_008_P
155,G1T1701_155_005_A4_G,#7,G1T1701_BR_008_P,#7__G1T1701_BR_008_P
155,G1T1701_155_003_C3_G,#13,G1T1701_BR_272_MP,#13__G1T1701_BR_272_MP
155,G1T1701_155_006_A5_G,#13,G1T1701_BR_272_MP,#13__G1T1701_BR_272_MP
155,G1T1701_155_004_B3_G,#50,G1T1701_BR_283_MP,#50__G1T1701_BR_283_MP
155,G1T1701_155_008_H4_G,#54,G1T1701_BR_327_MP,#54__G1T1701_BR_327_MP
155,G1T1701_155_003_B11_G,#14,G1T1701_BR_445_MP,#14__G1T1701_BR_445_MP
155,G1T1701_155_009_E4_MP,#7,G1T1701_BR_008_P,#7__G1T1701_BR_008_P
155,G1T1701_155_009_B1_MP,#7,G1T1701_BR_008_P,#7__G1T1701_BR_008_P
155,G1T1701_155_001_A2_G,#7,G1T1701_BR_008_P,#7__G1T1701_BR_008_P
155,G1T1701_155_001_A3_G,#7,G1T1701_BR_008_P,#7__G1T1701_BR_008_P
155,G1T1701_155_001_C6_G,#7,G1T1701_BR_008_P,#7__G1T1701_BR_008_P
155,G1T1701_155_003_H6_G,#7,G1T1701_BR_008_P,#7__G1T1701_BR_008_P
155,G1T1701_155_007_G5_G,#7,G1T1701_BR_008_P,#7__G1T1701_BR_008_P
155,G1T1701_155_010_C5_G,#7,G1T1701_BR_008_P,#7__G1T1701_BR_008_P
155,G1T1701_155_007_D8_G,#3,G1T1701_BR_037_P,#3__G1T1701_BR_037_P
155,G1T1701_155_006_E6_G,#26,G1T1701_BR_256_GMP,#26__G1T1701_BR_256_GMP
155,G1T1701_155_010_D6_G,#26,G1T1701_BR_256_GMP,#26__G1T1701_BR_256_GMP
155,G1T1701_155_007_E8_G,#2,G1T1701_BR_262_MP,#2__G1T1701_BR_262_MP
155,G1T1701_155_001_C2_G,#11,G1T1701_BR_263_MP,#11__G1T1701_BR_263_MP
155,G1T1701_155_006_A11_G,#11,G1T1701_BR_263_MP,#11__G1T1701_BR_263_MP
155,G1T1701_155_009_G9_MP,#13,G1T1701_BR_272_MP,#13__G1T1701_BR_272_MP
155,G1T1701_155_002_A7_G,#13,G1T1701_BR_272_MP,#13__G1T1701_BR_272_MP
155,G1T1701_155_002_D7_G,#13,G1T1701_BR_272_MP,#13__G1T1701_BR_272_MP
155,G1T1701_155_003_G6_G,#13,G1T1701_BR_272_MP,#13__G1T1701_BR_272_MP
155,G1T1701_155_004_D2_G,#13,G1T1701_BR_272_MP,#13__G1T1701_BR_272_MP
155,G1T1701_155_005_F2_G,#13,G1T1701_BR_272_MP,#13__G1T1701_BR_272_MP
155,G1T1701_155_005_G7_G,#13,G1T1701_BR_272_MP,#13__G1T1701_BR_272_MP
155,G1T1701_155_008_B6_G,#13,G1T1701_BR_272_MP,#13__G1T1701_BR_272_MP
155,G1T1701_155_008_H6_G,#96,G1T1701_BR_272_MP,#96__G1T1701_BR_272_MP
155,G1T1701_155_008_H7_G,#96,G1T1701_BR_272_MP,#96__G1T1701_BR_272_MP
155,G1T1701_155_010_A7_G,#13,G1T1701_BR_272_MP,#13__G1T1701_BR_272_MP
155,G1T1701_155_010_B1_G,#13,G1T1701_BR_272_MP,#13__G1T1701_BR_272_MP
155,G1T1701_155_009_D6_MP,#50,G1T1701_BR_283_MP,#50__G1T1701_BR_283_MP
155,G1T1701_155_001_C3_G,#50,G1T1701_BR_283_MP,#50__G1T1701_BR_283_MP
155,G1T1701_155_001_H4_G,#50,G1T1701_BR_283_MP,#50__G1T1701_BR_283_MP
155,G1T1701_155_001_H5_G,#50,G1T1701_BR_283_MP,#50__G1T1701_BR_283_MP
155,G1T1701_155_002_H5_G,#50,G1T1701_BR_283_MP,#50__G1T1701_BR_283_MP
155,G1T1701_155_003_D2_G,#50,G1T1701_BR_283_MP,#50__G1T1701_BR_283_MP
155,G1T1701_155_004_A6_G,#50,G1T1701_BR_283_MP,#50__G1T1701_BR_283_MP
155,G1T1701_155_004_E2_G,#50,G1T1701_BR_283_MP,#50__G1T1701_BR_283_MP
155,G1T1701_155_005_C3_G,#50,G1T1701_BR_283_MP,#50__G1T1701_BR_283_MP
155,G1T1701_155_010_H4_G,#50,G1T1701_BR_283_MP,#50__G1T1701_BR_283_MP
155,G1T1701_155_001_H2_G,#54,G1T1701_BR_327_MP,#54__G1T1701_BR_327_MP
155,G1T1701_155_001_H8_G,#54,G1T1701_BR_327_MP,#54__G1T1701_BR_327_MP
155,G1T1701_155_006_G1_G,#54,G1T1701_BR_327_MP,#54__G1T1701_BR_327_MP
155,G1T1701_155_007_D12_G,#54,G1T1701_BR_327_MP,#54__G1T1701_BR_327_MP
155,G1T1701_155_009_A1_MP,#14,G1T1701_BR_445_MP,#14__G1T1701_BR_445_MP
155,G1T1701_155_003_F7_G,#14,G1T1701_BR_445_MP,#14__G1T1701_BR_445_MP
155,G1T1701_155_004_B10_G,#14,G1T1701_BR_445_MP,#14__G1T1701_BR_445_MP
155,G1T1701_155_004_C10_G,#14,G1T1701_BR_445_MP,#14__G1T1701_BR_445_MP
155,G1T1701_155_004_D9_G,#14,G1T1701_BR_445_MP,#14__G1T1701_BR_445_MP
155,G1T1701_155_005_C10_G,#14,G1T1701_BR_445_MP,#14__G1T1701_BR_445_MP
155,G1T1701_155_005_G9_G,#14,G1T1701_BR_445_MP,#14__G1T1701_BR_445_MP
155,G1T1701_155_007_H7_G,#14,G1T1701_BR_445_MP,#14__G1T1701_BR_445_MP
155,G1T1701_155_008_A12_G,#14,G1T1701_BR_445_MP,#14__G1T1701_BR_445_MP
155,G1T1701_155_008_C3_G,#14,G1T1701_BR_445_MP,#14__G1T1701_BR_445_MP
155,G1T1701_155_008_D2_G,#14,G1T1701_BR_445_MP,#14__G1T1701_BR_445_MP
155,G1T1701_155_008_F1_G,#14,G1T1701_BR_445_MP,#14__G1T1701_BR_445_MP
155,G1T1701_155_006_E8_G,#55,S_134,#55__S_134
155,G1T1701_155_006_A9_MP,#131,S_18,#131__S_18
155,G1T1701_155_006_F8_MP,na,na,na__na
155,G1T1701_155_006_H8_MP,na,na,na__na
155,G1T1701_155_006_G8_MP,na,na,na__na
155,G1T1701_155_006_B9_MP,na,na,na__na
